--CREATE DATABASE Assignment_Final

--USE Assignment_Final
GO
CREATE TABLE Feedback (
	Feedback_id char(20) NOT NULL PRIMARY KEY,
	Subject_name nvarchar (100),
	Content nvarchar (500),
	Comment_date date,
	Pro_id char(20),
	User_id char(20)
)
GO
CREATE TABLE Product (
	Pro_id char (20) NOT NULL PRIMARY KEY,
	Cate_id char (20),
	Pro_name nvarchar (50),
	Saled_quantity int,
	Price float,
	Dis_price float,
	Pro_des ntext,
	Created_date date,
	Update_date date,
	Admin_id char (20), 
	Gallery_id char (20)
)
GO
CREATE TABLE InvoiceDetail (
	IDetail_id char (20) NOT NULL PRIMARY KEY,
	Pro_name nvarchar (50),
	Price float,
	Pro_quantity int,
	Total_money float,
	Invoice_id char (20), 
	Pro_id char (20)
)
GO
CREATE TABLE Invoice (
	Invoice_id char (20) NOT NULL PRIMARY KEY,
	Created_date date,
	Status nvarchar (50),
	Total_money_invoice float,
	Admin_id char (20),
)
GO
CREATE TABLE Category (
	Cate_id char (20) NOT NULL PRIMARY KEY,
	Cate_name nvarchar (20),
)
GO
CREATE TABLE Gallery (
	Gallery_id char (20) NOT NULL PRIMARY KEY,
	Thumbnail_link varchar (100),
)
GO
CREATE TABLE Account (
	User_id char (20) NOT NULL PRIMARY KEY,
	User_name nvarchar (50) NOT NULL,
	Password varchar (20) NOT NULL,
	Phone_num char (13),
	Address nvarchar (100),
	Email varchar (50), 
	Admin bit
)
GO
CREATE TABLE Shipper(
	Ship_id char (20) NOT NULL PRIMARY KEY,
	Ship_name nvarchar (100),
	Ship_phone char (13)
)
GO
CREATE TABLE Size (
	Size char (5) NOT NULL PRIMARY KEY
)
GO
CREATE TABLE ProductSize (
	ProSize_id char (20) NOT NULL PRIMARY KEY,
	Pro_id char (20),
	Size char (5),
	Stock_quantity int
)
GO
CREATE TABLE POrder(
	Order_id char (20) NOT NULL PRIMARY KEY,
	Order_date date,
	User_id char (20),
	Phone_num char (13),
	Address nvarchar(100),
	Note nvarchar (100),
	Status nvarchar (50),
	Total_money_order float,
	Total_dis_money_order float,
	Name nvarchar (100),
	Discount_status bit,
	Ship_id char (20),
	Receive_date date
)
GO
CREATE TABLE OrderDetail(
	ODetail_id char (20) NOT NULL PRIMARY KEY,
	ProSize_id char (20),
	Order_id char (20),
	Pro_Name nvarchar (100), 
	Price float, 
	Pro_quantity int, 
	Total_money float, 
)
GO
CREATE TABLE Discount(
	Dis_id char (20) NOT NULL PRIMARY KEY,
	Dis_code char (10),
	Dis_per int,
	Start_date date,
	End_date date,
	Order_id char (20)
)

GO
CREATE TABLE Delivery (
	Ship_id char (20) NOT NULL,
	User_id char (20) NOT NULL,
	Ship_date date
	CONSTRAINT PR_Ship_User PRIMARY KEY (Ship_id, User_id)
)

ALTER TABLE Feedback ADD CONSTRAINT FK_ProId1 FOREIGN KEY (Pro_id) REFERENCES Product (Pro_id)
ALTER TABLE Feedback ADD CONSTRAINT FK_UserId1 FOREIGN KEY (User_id) REFERENCES Account (User_id)

ALTER TABLE Product ADD CONSTRAINT FK_UserId2 FOREIGN KEY (Admin_id) REFERENCES Account (User_id)
ALTER TABLE Product ADD CONSTRAINT FK_CateId1 FOREIGN KEY (Cate_id) REFERENCES Category (Cate_id)
ALTER TABLE Product ADD CONSTRAINT FK_GalleryId FOREIGN KEY (Gallery_id) REFERENCES Gallery (Gallery_id)

ALTER TABLE InvoiceDetail ADD CONSTRAINT FK_ProId2 FOREIGN KEY (Pro_id) REFERENCES Product (Pro_id)
ALTER TABLE InvoiceDetail ADD CONSTRAINT FK_InvoiceId1 FOREIGN KEY (Invoice_id) REFERENCES Invoice (Invoice_id)

ALTER TABLE Invoice ADD CONSTRAINT FK_UserId3 FOREIGN KEY (Admin_id) REFERENCES Account (User_id)

ALTER TABLE ProductSize ADD CONSTRAINT FK_ProId3 FOREIGN KEY (Pro_id) REFERENCES Product (Pro_id)
ALTER TABLE ProductSize ADD CONSTRAINT FK_Size1 FOREIGN KEY (Size) REFERENCES Size (Size)

ALTER TABLE POrder ADD CONSTRAINT FK_UserId4 FOREIGN KEY (User_id) REFERENCES Account (User_id)
ALTER TABLE POrder ADD CONSTRAINT FK_ShipId1 FOREIGN KEY (Ship_id) REFERENCES Shipper (Ship_id)

ALTER TABLE OrderDetail ADD CONSTRAINT FK_ProSizeId1 FOREIGN KEY (ProSize_id) REFERENCES ProductSize (ProSize_id)
ALTER TABLE OrderDetail ADD CONSTRAINT FK_OrderId1 FOREIGN KEY (Order_id) REFERENCES POrder (Order_id)

ALTER TABLE Discount ADD CONSTRAINT FK_OrderId2 FOREIGN KEY (Order_id) REFERENCES POrder (Order_id)

ALTER TABLE Delivery ADD CONSTRAINT FK_UserId5 FOREIGN KEY (User_id) REFERENCES Account (User_id)
ALTER TABLE Delivery ADD CONSTRAINT FK_ShipId2 FOREIGN KEY (Ship_id) REFERENCES Shipper (Ship_id)




INSERT INTO Category VALUES ('CT0001','Jogger')
INSERT INTO Category VALUES ('CT0002',N'Áo Polo Thiết Kế')
INSERT INTO Category VALUES ('CT0003','Varsity')
INSERT INTO Category VALUES ('CT0004','Bomber')
INSERT INTO Category VALUES ('CT0005',N'Áo khoác Cardigan')
INSERT INTO Category VALUES ('CT0010',N'Áo Hoodie')
INSERT INTO Category VALUES ('CT0006',N'Áo Thun Đơn Giản')
INSERT INTO Category VALUES ('CT0007',N'Áo thun Thiết Kế')
INSERT INTO Category VALUES ('CT0008',N'Áo Tay Dài Sweater')
INSERT INTO Category VALUES ('CT0009',N'Áo Thun Thể Thao')
INSERT INTO Category VALUES ('CT0011',N'Quần Jean')

INSERT INTO Account VALUES 
  ('UID18640001', N'Ngô Việt Hưng', 'Bks9rN8p', '0901234561', N'Số 10, Ngõ 123, Đường Lý Thường Kiệt, Quận Hoàn Kiếm, Hà Nội', ' hungo21@gmail.com', 1),
  ('UID18640002', N'Nguyễn Quang Giáp', 'G7Mxw2hT', '0912345672', N'Số 7, Đường Nguyễn Huệ, Quận 1, Thành phố Hồ Chí Minh', 'giapnguyen94@gmail.com', 1),
  ('UID18640003', N'Lương Thế Minh', 'eY3vUc6q', '0923456783', N'Số 15, Đường Trần Phú, Quận Hải Châu, Đà Nẵng', 'minhluong03@gmail.com', 1),
  ('UID18640004', N'Chiêm Hoàng Long', 'X2SdL5fP', '0934567894', N'Số 25, Đường Lê Lợi, Quận Hoàn Kiếm, Hà Nội', 'longchiemhoang@gmail.com', 1),
  ('UID08640005', N'Hoàng Minh Tuấn', 'Qz6uRc3V', '0945678905', N'Số 9, Ngõ 456, Đường Lý Thường Kiệt, Quận Ba Đình, Hà Nội', 'tuanhoangminh76@gmail.com', 0),
  ('UID08640006', N'Đặng Thanh Hương', 'm8KdJf2N', '0956789016', N'Số 12, Đường Nguyễn Thị Minh Khai, Quận 3, Thành phố Hồ Chí Minh', 'huongdangthanh@gmail.com', 0),
  ('UID08640007', N'Vũ Văn Hòa', 'H5gVzR7q', '0967890127', N'Số 8, Đường Ngô Quyền, Quận Lê Chân, Hải Phòng', 'hoavuvan@gmail.com', 0),
  ('UID08640008', N'Lý Thị Lan Anh', 'C4nYvD9b', '0978901238', N'Số 17, Đường Trần Hưng Đạo, Quận Sơn Trà, Đà Nẵng', 'anhlanlythi@gmail.com', 0),
  ('UID08640009', N'Bùi Đức Hải', 'uR2vBc7P', '0989012349', N'Số 33, Đường Nguyễn Văn Cừ, Quận Long Biên, Hà Nội', 'haibuiduc92@gmail.com', 0),
  ('UID08640010', N'Ngô Thị Phương Anh', 'L9tHkQ4w', '0990123450', N'Số 22, Đường Trường Chinh, Quận Thanh Khê, Đà Nẵng', 'anhphuongngo@gmail.com', 0),
  ('UID08640011', N'Đinh Văn Hùng', 'M6sNzW8q', '0901234561', N'Số 14, Đường Nguyễn Thị Định, Quận 2, Thành phố Hồ Chí Minh', 'hungdinhvan83@gmail.com', 0),
  ('UID08640012', N'Trần Thị Hà', 'B3pFkY6z', '0912345672', N'Số 18, Đường Hùng Vương, Quận Hải Châu, Đà Nẵng', 'hatranthi@gmail.com', 0),
  ('UID08640013', N'Hoàng Đức Long', 'W5sZnU7x', '0923456783', N'Số 28, Đường Bạch Đằng, Quận Lê Chân, Hải Phòng', 'longhoangduc47@gmail.com', 0),
  ('UID08640014', N'Nguyễn Thị Thu Hà', 'J8cGmH4v', '0934567894', N'Số 36, Đường Trần Phú, Quận Sơn Trà, Đà Nẵng', 'hanguyenthithu@gmail.com', 0),
  ('UID08640015', N'Trần Minh Khánh', 'T9nEvX6j', '0945678905', N'Số 5, Ngõ 654, Đường Lý Thường Kiệt, Quận Ba Đình, Hà Nội', 'khanhtranminh78@gmail.com', 0),
  ('UID08640016', N'Vũ Ngọc Thảo', 'D2hKxS7b', '0956789016', N'Số 21, Đường Nguyễn Văn Linh, Quận Hải Châu, Đà Nẵng', 'thaovungoc94@gmail.com', 0),
  ('UID08640017', N'Phan Thanh Hùng', 'R6gHvZ3f', '0967890127', N'Số 19, Đường Trần Phú, Quận Cẩm Lệ, Đà Nẵng', 'hungphanthanh@gmail.com', 0),
  ('UID08640018', N'Lê Thị Bích Ngọc', 'Q7dRbN2v', '0978901238', N'Số 27, Đường Huỳnh Thúc Kháng, Quận Ba Đình, Hà Nội', 'ngocbichlethi@gmail.com', 0),
  ('UID08640019', N'Trịnh Văn Đức', 'X4kFhD9l', '0989012349', N'Số 31, Đường Trần Phú, Quận Sơn Trà, Đà Nẵng', 'ductrinhvan57@gmail.com', 0),
  ('UID08640020', N'Nguyễn Thị Hồng Nga', 'N5tJmK4h', '0990123450', N'Số 6, Đường Lê Lai, Quận 1, Thành phố Hồ Chí Minh', 'nganguyenthihong@gmail.com', 0),
  ('UID08640021', N'Lương Văn Hải', 'U6yVcN3g', '0901234561', N'Số 11, Đường Nguyễn Huệ, Quận Thanh Xuân, Hà Nội', 'hailuongvan86@gmail.com', 0),
  ('UID08640022', N'Ngô Thị Kim Anh', 'P4xLcZ6n', '0912345672', N'Số 23, Đường Ngô Gia Tự, Quận Hải Châu, Đà Nẵng', 'anhkimngothi@gmail.com', 0),
  ('UID08640023', N'Hoàng Thị Minh Hạnh', 'V7mJfX6z', '0923456783', N'Số 35, Đường Hùng Vương, Quận Sơn Trà, Đà Nẵng', 'hanhhoangminhthi@gmail.com', 0),
  ('UID08640024', N'Phạm Văn Hoàng', 'F9kGtY2s', '0934567894', N'Số 24, Đường Lê Duẩn, Quận Hai Bà Trưng, Hà Nội', 'hoangphamvan63@gmail.com', 0),
  ('UID08640025', N'Lê Thị Lan Phương', 'E8cSvH3u', '0945678905', N'Số 16, Đường Nguyễn Thái Học, Quận 5, Thành phố Hồ Chí Minh', 'phuonglanlethi@gmail.com', 0),
  ('UID08640026', N'Đỗ Văn Hùng', 'Z3vBdK5f', '0956789016', N'Số 32, Đường Ngô Quyền, Quận Lê Chân, Hải Phòng', 'hungdovan98@gmail.com', 0),
  ('UID08640027', N'Nguyễn Thị Thảo', 'G5hVmX7j', '0967890127', N'Số 39, Đường Trần Phú, Quận Sơn Trà, Đà Nẵng', 'thaonguyenthithao79@gmail.com', 0),
  ('UID08640028', N'Trần Văn Hòa', 'W2zNdR7t', '0978901238', N'Số 13, Đường Trường Chinh, Quận Thanh Khê, Đà Nẵng', 'hoatranvan71@gmail.com', 0),
  ('UID08640029', N'Lê Thị Hương', 'R8lGnC4b', '0989012349', N'Số 4, Ngõ 456, Đường Lý Thường Kiệt, Quận Ba Đình, Hà Nội', 'huonglethi95@gmail.com', 0),
  ('UID08640030', N'Vũ Văn Thành', 'K6jHbD9v', '0990123450', N'Số 26, Đường Nguyễn Thị Minh Khai, Quận 3, Thành phố Hồ Chí Minh', 'thanhvuvan84@gmail.com', 0),
  ('UID08640031', N'Phan Thị Thu Hà', 'Y9qUvM5h', '0901234561', N'Số 20, Đường Nguyễn Văn Linh, Quận Cẩm Lệ, Đà Nẵng', 'hathanphanthi@gmail.com', 0),
  ('UID08640032', N'Bùi Văn Đạt', 'S7bRzX3w', '0912345672', N'Số 29, Đường Trần Hưng Đạo, Quận Sơn Trà, Đà Nẵng', 'datbuivan76@gmail.com', 0),
  ('UID08640033', N'Trương Thị Hương', 'A2sGnC6f', '0923456783', N'Số 357 Đường Nguyễn Thị Minh Khai, Quận 3, Thành phố Hồ Chí Minh', 'huongtruongthi81@gmail.com', 0),
  ('UID08640034', N'Nguyễn Văn Tâm', 'L5dQsF3g', '0934567894', N'Số 30, Đường Nguyễn Văn Cừ, Quận Long Biên, Hà Nội', 'tamnguyenvan67@gmail.com', 0),
  ('UID08640035', N'Lê Thị Thu Trang', 'D4nBcV9t', '0945678905', N'Số 37, Đường Trần Phú, Quận Sơn Trà, Đà Nẵng', 'tranglethithu90@gmail.com', 0),
  ('UID08640036', N'Trần Đức Thắng', 'C3fGmL7x', '0956789016', N'Số 3, Ngõ 654, Đường Lý Thường Kiệt, Quận Ba Đình, Hà Nội', 'thangtranduc84@gmail.com', 0),
  ('UID08640037', N'Phạm Thị Thanh Hương', 'H2sYnC9j', '0967890127', N'Số 1, Đường Nguyễn Huệ, Quận 1, Thành phố Hồ Chí Minh', 'huongthanhphamthi@gmail.com', 0),
  ('UID08640038', N'Hoàng Văn Hoan', 'T7gRvM4n', '0978901238', N'Số 9, Đường Nguyễn Thị Minh Khai, Quận 3, Thành phố Hồ Chí Minh', 'hoanhoangvan79@gmail.com', 0),
  ('UID08640039', N'Nguyễn Thị Thúy', 'M8cZbX6f', '0989012349', N'Số 7, Đường Ngô Quyền, Quận Lê Chân, Hải Phòng', 'thuynguyenthithu@gmail.com', 0),
  ('UID08640040', N'Lý Văn Quốc', 'P5mJbN9v', '0990123450', N'Số 11, Đường Trần Phú, Quận Sơn Trà, Đà Nẵng', 'quoclyvan88@gmail.com', 0)

   
INSERT INTO Shipper VALUES 
('SID2023001',	N'Nguyễn Thị Hằng', '0901234561'),
('SID2023002', N'Trần Văn An', '0912345672'),
('SID2023003', N'Lê Thị Mai', '0923456783'),
('SID2023004', N'Phạm Đức Hưng', '0934567894'),
('SID2023005', N'Hoàng Thị Hương', '0945678905'),
('SID2023006', N'Lê Minh Trí', '0956789016'),
('SID2023007', N'Phạm Thị Trang', '0967890127'),
('SID2023008', N'Nguyễn Văn Long', '0978901238'),
('SID2023009', N'Nguyễn Văn Hải', '0989012349'),
('SID2023010', N'Trần Thị Hạnh', '0990123450'),
('SID2023011', N'Lý Đức Thắng', '0901234561'),
('SID2023012', N'Đỗ Thị Hương', '0912345672'),
('SID2023013', N'Bùi Văn Phúc', '0923456783'),
('SID2023014', N'Nguyễn Thị Thu Trang', '0934567894'),
('SID2023015', N'Trương Minh Quân', '0945678905'),
('SID2023016', N'Vũ Thị Hằng', '0956789016'),
('SID2023017', N'Lê Văn Tâm', '0967890127'),
('SID2023018', N'Đặng Thị Thu Trang', '0978901238'),
('SID2023019', N'Trần Văn Nam', '0989012349'),
('SID2023020', N'Nguyễn Thị Hoa', '0990123450');

INSERT INTO Delivery VALUES 
('SID2023015', 'UID08640033', '20231030'),
('SID2023001', 'UID08640034', '20231030'),
('SID2023008', 'UID08640035', '20231030'),
('SID2023004', 'UID08640036', '20231030'),
('SID2023020', 'UID08640037', '20231030'),
('SID2023011', 'UID08640038', '20231030'),
('SID2023010', 'UID08640039', '20231030'),
('SID2023017', 'UID08640040', '20231030'),
('SID2023016', 'UID08640025', '20231103'),
('SID2023001', 'UID08640026', '20231103'),
('SID2023013', 'UID08640027', '20231103'),
('SID2023016', 'UID08640028', '20231103'),
('SID2023007', 'UID08640029', '20231103'),
('SID2023020', 'UID08640030', '20231103'),
('SID2023007', 'UID08640031', '20231103'),
('SID2023017', 'UID08640032', '20231103'),
('SID2023010', 'UID08640017', '20231106'),
('SID2023010', 'UID08640018', '20231106'),
('SID2023006', 'UID08640019', '20231106'),
('SID2023002', 'UID08640020', '20231106'),
('SID2023015', 'UID08640021', '20231106'),
('SID2023001', 'UID08640022', '20231106'),
('SID2023008', 'UID08640023', '20231106'),
('SID2023004', 'UID08640024', '20231106'),
('SID2023020', 'UID08640009', '20231109'),
('SID2023011', 'UID08640010', '20231109'),
('SID2023010', 'UID08640011', '20231109'),
('SID2023017', 'UID08640012', '20231109'),
('SID2023016', 'UID08640013', '20231109'),
('SID2023001', 'UID08640014', '20231109'),
('SID2023013', 'UID08640015', '20231109'),
('SID2023016', 'UID08640016', '20231109'),
('SID2023007', 'UID08640005', '20231112'),
('SID2023020', 'UID08640006', '20231112'),
('SID2023007', 'UID08640007', '20231112'),
('SID2023017', 'UID08640008', '20231112');

INSERT INTO Size VALUES ('L'), ('XL'), ('XXL')

INSERT INTO Gallery VALUES 
('PI_000001', 'https://i.pinimg.com/564x/cf/9c/92/cf9c92a290efece148c49f56edf1313e.jpg'),
('PI_000002', 'https://i.pinimg.com/736x/7c/d1/da/7cd1daf3d8ce615d1d52855cdc5b9904.jpg'),
('PI_000003', 'https://i.pinimg.com/564x/b2/19/44/b21944ad342970d3b1ffd5bed39f4dc6.jpg'),
('PI_000004', 'https://i.pinimg.com/564x/63/3e/0e/633e0e66d535bde044ec58961c9e317e.jpg'),
('PI_000005', 'https://i.pinimg.com/736x/1c/ed/fc/1cedfcd467d316cff397f3625479f155.jpg'),
('PI_000006', 'https://i.pinimg.com/564x/2c/a3/0d/2ca30d35dbba2f31bde7dea4fcdd072c.jpg'),
('PI_000007', 'https://i.pinimg.com/736x/28/31/a8/2831a85b85c02448fbbc2770f19a9d76.jpg'),
('PI_000008', 'https://i.pinimg.com/564x/05/75/03/05750310a32be7ef8030a2e45ab0ed6d.jpg'),
('PI_000009', 'https://i.pinimg.com/736x/62/20/df/6220df3f773cfb6ad2702226ab24824d.jpg'),
('PI_000010', 'https://i.pinimg.com/736x/f9/60/25/f9602594b6e78819980cc9bddf7054c2.jpg'),
('PI_000011', 'https://i.pinimg.com/736x/df/6c/fe/df6cfebef889836d72f3a486d071b80c.jpg'),
('PI_000012', 'https://i.pinimg.com/564x/cc/54/e0/cc54e01d3b9495c42745df9a9ec179fb.jpg'),
('PI_000013', 'https://i.pinimg.com/736x/2f/1a/02/2f1a022416a927eede43f96092b67a59.jpg'),
('PI_000014', 'https://i.pinimg.com/564x/9d/41/87/9d41878afa1c441a19f58b59841f255b.jpg'),
('PI_000015', 'https://i.pinimg.com/736x/fc/2b/43/fc2b433f3f1f55c89161a9cc8f221e52.jpg'),
('PI_000016', 'https://i.pinimg.com/736x/c9/ec/74/c9ec74e9083acb638bddc10906cbdb71.jpg'),
('PI_000017', 'https://i.pinimg.com/564x/8c/a6/81/8ca681fadda777e6f3e2c2a5d5fb99e0.jpg'),
('PI_000018', 'https://i.pinimg.com/736x/4a/b1/31/4ab1312255ea72acf05f51e398277677.jpg'),
('PI_000019', 'https://i.pinimg.com/736x/60/88/97/6088974d8f5c92bd1b2fda90567c6106.jpg'),
('PI_000020', 'https://i.pinimg.com/564x/62/b0/1a/62b01aefab645ac37dc199ef09296c16.jpg'),
('PI_000021', 'https://i.pinimg.com/736x/fe/fc/9c/fefc9c6e0fe49d7ef7b05b376cc3688b.jpg'),
('PI_000022', 'https://i.pinimg.com/564x/2f/12/00/2f1200dee501c7407d14d793867ada9c.jpg'),
('PI_000023', 'https://i.pinimg.com/736x/5f/e6/a4/5fe6a4aeae1cfabed3e79f6f9c3b8c97.jpg'),
('PI_000024', 'https://i.pinimg.com/736x/c9/a6/58/c9a658b7b88a8c4a9d4862e7978552ce.jpg'),
('PI_000025', 'https://i.pinimg.com/564x/8a/4f/b3/8a4fb3ea1555f3cb479bdf97c063cebf.jpg'),
('PI_000026', 'https://i.pinimg.com/564x/cc/26/03/cc2603fba67580b695b11ffd2246d641.jpg'),
('PI_000027', 'https://i.pinimg.com/564x/64/21/7f/64217fc5e8cbd61bb119a7927e038777.jpg'),
('PI_000028', 'https://i.pinimg.com/564x/f4/ac/08/f4ac0896f36b12bd2234779a152f847b.jpg'),
('PI_000029', 'https://i.pinimg.com/564x/48/aa/9d/48aa9dabd6870c2094f2f14b2c6fcd16.jpg'),
('PI_000030', 'https://i.pinimg.com/564x/0c/db/54/0cdb54a3af92851346df396e6428370a.jpg'),
('PI_000031', 'https://i.pinimg.com/564x/cc/a1/84/cca184fd5fd1e274ea3fd9258a2d8af0.jpg'),
('PI_000032', 'https://i.pinimg.com/564x/43/d3/ec/43d3ec94fd76bc4064e16b42a6d44f31.jpg'),
('PI_000033', 'https://i.pinimg.com/564x/73/6b/f0/736bf00df35c03f87ca9f2c03e9939fa.jpg'),
('PI_000034', 'https://i.pinimg.com/736x/2b/61/54/2b61542437c2df774c3ca664bd8f8418.jpg'),
('PI_000035', 'https://i.pinimg.com/564x/c7/30/21/c7302188bf8ec6bc11a9a65f89cff63d.jpg'),
('PI_000036', 'https://i.pinimg.com/564x/4b/c9/21/4bc9217333a948b87a55e843911edecb.jpg'),
('PI_000037', 'https://i.pinimg.com/564x/2c/35/42/2c35420974899c618a020b04e2f985e2.jpg'),
('PI_000038', 'https://i.pinimg.com/736x/80/4e/a7/804ea73fff615ec1e33652df0c6f88ee.jpg'),
('PI_000039', 'https://i.pinimg.com/736x/ea/82/93/ea829313643c88387d42a5fb05d77e80.jpg'),
('PI_000040', 'https://i.pinimg.com/564x/f1/d1/47/f1d147bc2bb3c58f761f1817ec6d534e.jpg'),
('PI_000041', 'https://i.pinimg.com/564x/8c/79/4c/8c794c1b9272c87a6ffa563459bb389e.jpg'),
('PI_000042', 'https://i.pinimg.com/736x/93/b6/48/93b648385af54168409f7c638f9a5e31.jpg'),
('PI_000043', 'https://i.pinimg.com/736x/f0/ed/7d/f0ed7dd0c7c12f7e2c39e7ebbd04a383.jpg'),
('PI_000044', 'https://i.pinimg.com/564x/e2/4d/2c/e24d2c95540fd5cdcbcf2dcd233335a9.jpg'),
('PI_000045', 'https://i.pinimg.com/564x/e9/c6/8b/e9c68bf3d33deb06c645bda05d95018e.jpg'),
('PI_000046', 'https://i.pinimg.com/736x/ff/0c/10/ff0c10d3522ffd6544cdb7c8f283c82e.jpg'),
('PI_000047', 'https://i.pinimg.com/564x/ce/27/79/ce27798300c963319a11fe425979cc84.jpg'),
('PI_000048', 'https://i.pinimg.com/564x/c9/01/f0/c901f0963cda863eea1cd79b2b4ce6af.jpg'),
('PI_000049', 'https://i.pinimg.com/564x/42/03/fc/4203fca3f660245acb9c55db4c0c1479.jpg'),
('PI_000050', 'https://i.pinimg.com/736x/94/f3/34/94f33413973672e42718ec8095a2f352.jpg'),
('PI_000051', 'https://i.pinimg.com/736x/07/a4/c3/07a4c34a9288beb4c22d2df9df1849af.jpg'),
('PI_000052', 'https://i.pinimg.com/564x/74/dd/d4/74ddd4c43ff6531c1741b56e5373f550.jpg'),
('PI_000053', 'https://i.pinimg.com/564x/42/ec/98/42ec9854b596676e2a4d98fb36bfcb31.jpg'),
('PI_000054', 'https://i.pinimg.com/736x/01/8d/8e/018d8eeff405c0be4f7df4a57aefc48a.jpg'),
('PI_000055', 'https://i.pinimg.com/564x/e8/d9/8a/e8d98a83d7360b332bb7087cee2f2d10.jpg'),
('PI_000056', 'https://i.pinimg.com/564x/5d/2b/af/5d2bafecf16dc80b3044c4875ad09c46.jpg'),
('PI_000057', 'https://i.pinimg.com/564x/18/bb/26/18bb261d602bd49ca3128a034f34adbf.jpg'),
('PI_000058', 'https://i.pinimg.com/564x/32/01/f6/3201f612aeb33a1dcd86e8cef149c328.jpg'),
('PI_000059', 'https://i.pinimg.com/564x/f2/45/b7/f245b782e55b7e479da6554cd62dfa64.jpg'),
('PI_000060', 'https://i.pinimg.com/564x/c9/70/8b/c9708b6819694f0e0f96d4d2a9b60337.jpg'),
('PI_000061', 'https://i.pinimg.com/564x/db/2a/a2/db2aa2cc66e5a2389b9317f88096d60a.jpg'),
('PI_000062', 'https://i.pinimg.com/564x/7c/25/a6/7c25a64e1794735d5258342eab41c945.jpg'),
('PI_000063', 'https://i.pinimg.com/564x/0c/db/54/0cdb54a3af92851346df396e6428370a.jpg'),
('PI_000064', 'https://i.pinimg.com/736x/33/37/69/333769c76b32366fa2e4c8e8c29aa2c3.jpg'),
('PI_000065', 'https://i.pinimg.com/564x/cc/a1/84/cca184fd5fd1e274ea3fd9258a2d8af0.jpg'),
('PI_000066', 'https://i.pinimg.com/564x/4c/6e/a8/4c6ea85bec9a25c43b159af08d4361cb.jpg'),
('PI_000067', 'https://i.pinimg.com/564x/64/53/9f/64539f90b0841a550318bf0e77047cae.jpg'),
('PI_000068', 'https://i.pinimg.com/564x/b2/80/4f/b2804f2915a4c7e284aa05be5caecdad.jpg'),
('PI_000069', 'https://i.pinimg.com/564x/80/4e/a7/804ea73fff615ec1e33652df0c6f88ee.jpg'),
('PI_000070', 'https://i.pinimg.com/564x/e1/68/0f/e1680ff705a0295725a26332de6a2e70.jpg'),
('PI_000071', 'https://i.pinimg.com/564x/51/6e/98/516e98f12724c1ab6f54838b9cbb1757.jpg'),
('PI_000072', 'https://i.pinimg.com/564x/f1/d1/47/f1d147bc2bb3c58f761f1817ec6d534e.jpg'),
('PI_000073', 'https://i.pinimg.com/564x/1c/c6/8c/1cc68cadd681ada1cb6f6f5e784936d5.jpg'),
('PI_000074', 'https://i.pinimg.com/564x/66/fb/54/66fb546ed9951a597d25125663f377e3.jpg'),
('PI_000075', 'https://i.pinimg.com/564x/93/b6/48/93b648385af54168409f7c638f9a5e31.jpg'),
('PI_000076', 'https://i.pinimg.com/564x/1e/f8/f8/1ef8f8d1eb91078b0c81d55f7f650461.jpg'),
('PI_000077', 'https://i.pinimg.com/564x/48/5e/e3/485ee38193eb07b7a711455fdda2b2eb.jpg'),
('PI_000078', 'https://i.pinimg.com/564x/ec/8c/4d/ec8c4dee428db9d4e74cf3dbc4135b7f.jpg'),
('PI_000079', 'https://i.pinimg.com/564x/0f/c6/66/0fc666b9a9442536227411c6bc28e49c.jpg'),
('PI_000080', 'https://i.pinimg.com/564x/9a/dd/81/9add8171b1edd791982f5f62b99c9e23.jpg'),
('PI_000081', 'https://i.pinimg.com/564x/cf/9c/92/cf9c92a290efece148c49f56edf1313e.jpg'),
('PI_000082', 'https://i.pinimg.com/736x/7c/d1/da/7cd1daf3d8ce615d1d52855cdc5b9904.jpg'),
('PI_000083', 'https://i.pinimg.com/564x/b2/19/44/b21944ad342970d3b1ffd5bed39f4dc6.jpg'),
('PI_000084', 'https://i.pinimg.com/564x/63/3e/0e/633e0e66d535bde044ec58961c9e317e.jpg'),
('PI_000085', 'https://i.pinimg.com/736x/1c/ed/fc/1cedfcd467d316cff397f3625479f155.jpg'),
('PI_000086', 'https://i.pinimg.com/564x/2c/a3/0d/2ca30d35dbba2f31bde7dea4fcdd072c.jpg'),
('PI_000087', 'https://i.pinimg.com/736x/28/31/a8/2831a85b85c02448fbbc2770f19a9d76.jpg'),
('PI_000088', 'https://i.pinimg.com/564x/05/75/03/05750310a32be7ef8030a2e45ab0ed6d.jpg'),
('PI_000089', 'https://i.pinimg.com/736x/62/20/df/6220df3f773cfb6ad2702226ab24824d.jpg'),
('PI_000090', 'https://i.pinimg.com/736x/f9/60/25/f9602594b6e78819980cc9bddf7054c2.jpg'),
('PI_000091', 'https://i.pinimg.com/736x/df/6c/fe/df6cfebef889836d72f3a486d071b80c.jpg'),
('PI_000092', 'https://i.pinimg.com/564x/cc/54/e0/cc54e01d3b9495c42745df9a9ec179fb.jpg'),
('PI_000093', 'https://i.pinimg.com/736x/2f/1a/02/2f1a022416a927eede43f96092b67a59.jpg'),
('PI_000094', 'https://i.pinimg.com/564x/9d/41/87/9d41878afa1c441a19f58b59841f255b.jpg'),
('PI_000095', 'https://i.pinimg.com/736x/fc/2b/43/fc2b433f3f1f55c89161a9cc8f221e52.jpg'),
('PI_000096', 'https://i.pinimg.com/736x/c9/ec/74/c9ec74e9083acb638bddc10906cbdb71.jpg'),
('PI_000097', 'https://i.pinimg.com/564x/8c/a6/81/8ca681fadda777e6f3e2c2a5d5fb99e0.jpg'),
('PI_000098', 'https://i.pinimg.com/736x/4a/b1/31/4ab1312255ea72acf05f51e398277677.jpg'),
('PI_000099', 'https://i.pinimg.com/736x/60/88/97/6088974d8f5c92bd1b2fda90567c6106.jpg'),
('PI_000100', 'https://i.pinimg.com/564x/62/b0/1a/62b01aefab645ac37dc199ef09296c16.jpg'),
('PI_000101', 'https://i.pinimg.com/736x/fe/fc/9c/fefc9c6e0fe49d7ef7b05b376cc3688b.jpg'),
('PI_000102', 'https://i.pinimg.com/564x/2f/12/00/2f1200dee501c7407d14d793867ada9c.jpg'),
('PI_000103', 'https://i.pinimg.com/736x/5f/e6/a4/5fe6a4aeae1cfabed3e79f6f9c3b8c97.jpg'),
('PI_000104', 'https://i.pinimg.com/736x/c9/a6/58/c9a658b7b88a8c4a9d4862e7978552ce.jpg'),
('PI_000105', 'https://i.pinimg.com/564x/8a/4f/b3/8a4fb3ea1555f3cb479bdf97c063cebf.jpg'),
('PI_000106', 'https://i.pinimg.com/564x/cc/26/03/cc2603fba67580b695b11ffd2246d641.jpg'),
('PI_000107', 'https://i.pinimg.com/564x/64/21/7f/64217fc5e8cbd61bb119a7927e038777.jpg'),
('PI_000108', 'https://i.pinimg.com/564x/f4/ac/08/f4ac0896f36b12bd2234779a152f847b.jpg'),
('PI_000109', 'https://i.pinimg.com/564x/48/aa/9d/48aa9dabd6870c2094f2f14b2c6fcd16.jpg'),
('PI_000110', 'https://i.pinimg.com/564x/0c/db/54/0cdb54a3af92851346df396e6428370a.jpg'),
('PI_000111', 'https://i.pinimg.com/564x/cc/a1/84/cca184fd5fd1e274ea3fd9258a2d8af0.jpg'),
('PI_000112', 'https://i.pinimg.com/564x/43/d3/ec/43d3ec94fd76bc4064e16b42a6d44f31.jpg'),
('PI_000113', 'https://i.pinimg.com/564x/73/6b/f0/736bf00df35c03f87ca9f2c03e9939fa.jpg'),
('PI_000114', 'https://i.pinimg.com/736x/2b/61/54/2b61542437c2df774c3ca664bd8f8418.jpg'),
('PI_000115', 'https://i.pinimg.com/564x/c7/30/21/c7302188bf8ec6bc11a9a65f89cff63d.jpg'),
('PI_000116', 'https://i.pinimg.com/564x/4b/c9/21/4bc9217333a948b87a55e843911edecb.jpg'),
('PI_000117', 'https://i.pinimg.com/564x/2c/35/42/2c35420974899c618a020b04e2f985e2.jpg'),
('PI_000118', 'https://i.pinimg.com/736x/80/4e/a7/804ea73fff615ec1e33652df0c6f88ee.jpg'),
('PI_000119', 'https://i.pinimg.com/736x/ea/82/93/ea829313643c88387d42a5fb05d77e80.jpg'),
('PI_000120', 'https://i.pinimg.com/564x/f1/d1/47/f1d147bc2bb3c58f761f1817ec6d534e.jpg'),
('PI_000121', 'https://i.pinimg.com/564x/8c/79/4c/8c794c1b9272c87a6ffa563459bb389e.jpg'),
('PI_000122', 'https://i.pinimg.com/736x/93/b6/48/93b648385af54168409f7c638f9a5e31.jpg'),
('PI_000123', 'https://i.pinimg.com/736x/f0/ed/7d/f0ed7dd0c7c12f7e2c39e7ebbd04a383.jpg'),
('PI_000124', 'https://i.pinimg.com/564x/e2/4d/2c/e24d2c95540fd5cdcbcf2dcd233335a9.jpg'),
('PI_000125', 'https://i.pinimg.com/564x/e9/c6/8b/e9c68bf3d33deb06c645bda05d95018e.jpg'),
('PI_000126', 'https://i.pinimg.com/736x/ff/0c/10/ff0c10d3522ffd6544cdb7c8f283c82e.jpg'),
('PI_000127', 'https://i.pinimg.com/564x/ce/27/79/ce27798300c963319a11fe425979cc84.jpg'),
('PI_000128', 'https://i.pinimg.com/564x/c9/01/f0/c901f0963cda863eea1cd79b2b4ce6af.jpg'),
('PI_000129', 'https://i.pinimg.com/564x/42/03/fc/4203fca3f660245acb9c55db4c0c1479.jpg'),
('PI_000130', 'https://i.pinimg.com/736x/94/f3/34/94f33413973672e42718ec8095a2f352.jpg'),
('PI_000131', 'https://i.pinimg.com/736x/07/a4/c3/07a4c34a9288beb4c22d2df9df1849af.jpg'),
('PI_000132', 'https://i.pinimg.com/564x/74/dd/d4/74ddd4c43ff6531c1741b56e5373f550.jpg'),
('PI_000133', 'https://i.pinimg.com/564x/42/ec/98/42ec9854b596676e2a4d98fb36bfcb31.jpg'),
('PI_000134', 'https://i.pinimg.com/736x/01/8d/8e/018d8eeff405c0be4f7df4a57aefc48a.jpg'),
('PI_000135', 'https://i.pinimg.com/564x/e8/d9/8a/e8d98a83d7360b332bb7087cee2f2d10.jpg'),
('PI_000136', 'https://i.pinimg.com/564x/5d/2b/af/5d2bafecf16dc80b3044c4875ad09c46.jpg'),
('PI_000137', 'https://i.pinimg.com/564x/18/bb/26/18bb261d602bd49ca3128a034f34adbf.jpg'),
('PI_000138', 'https://i.pinimg.com/564x/32/01/f6/3201f612aeb33a1dcd86e8cef149c328.jpg'),
('PI_000139', 'https://i.pinimg.com/564x/f2/45/b7/f245b782e55b7e479da6554cd62dfa64.jpg'),
('PI_000140', 'https://i.pinimg.com/564x/c9/70/8b/c9708b6819694f0e0f96d4d2a9b60337.jpg'),
('PI_000141', 'https://i.pinimg.com/564x/db/2a/a2/db2aa2cc66e5a2389b9317f88096d60a.jpg'),
('PI_000142', 'https://i.pinimg.com/564x/7c/25/a6/7c25a64e1794735d5258342eab41c945.jpg'),
('PI_000143', 'https://i.pinimg.com/564x/0c/db/54/0cdb54a3af92851346df396e6428370a.jpg'),
('PI_000144', 'https://i.pinimg.com/736x/33/37/69/333769c76b32366fa2e4c8e8c29aa2c3.jpg'),
('PI_000145', 'https://i.pinimg.com/564x/cc/a1/84/cca184fd5fd1e274ea3fd9258a2d8af0.jpg'),
('PI_000146', 'https://i.pinimg.com/564x/4c/6e/a8/4c6ea85bec9a25c43b159af08d4361cb.jpg'),
('PI_000147', 'https://i.pinimg.com/564x/64/53/9f/64539f90b0841a550318bf0e77047cae.jpg'),
('PI_000148', 'https://i.pinimg.com/564x/b2/80/4f/b2804f2915a4c7e284aa05be5caecdad.jpg'),
('PI_000149', 'https://i.pinimg.com/564x/80/4e/a7/804ea73fff615ec1e33652df0c6f88ee.jpg'),
('PI_000150', 'https://i.pinimg.com/564x/e1/68/0f/e1680ff705a0295725a26332de6a2e70.jpg'),
('PI_000151', 'https://i.pinimg.com/564x/51/6e/98/516e98f12724c1ab6f54838b9cbb1757.jpg'),
('PI_000152', 'https://i.pinimg.com/564x/f1/d1/47/f1d147bc2bb3c58f761f1817ec6d534e.jpg'),
('PI_000153', 'https://i.pinimg.com/564x/1c/c6/8c/1cc68cadd681ada1cb6f6f5e784936d5.jpg'),
('PI_000154', 'https://i.pinimg.com/564x/66/fb/54/66fb546ed9951a597d25125663f377e3.jpg'),
('PI_000155', 'https://i.pinimg.com/564x/93/b6/48/93b648385af54168409f7c638f9a5e31.jpg'),
('PI_000156', 'https://i.pinimg.com/564x/1e/f8/f8/1ef8f8d1eb91078b0c81d55f7f650461.jpg'),
('PI_000157', 'https://i.pinimg.com/564x/48/5e/e3/485ee38193eb07b7a711455fdda2b2eb.jpg'),
('PI_000158', 'https://i.pinimg.com/564x/ec/8c/4d/ec8c4dee428db9d4e74cf3dbc4135b7f.jpg'),
('PI_000159', 'https://i.pinimg.com/564x/0f/c6/66/0fc666b9a9442536227411c6bc28e49c.jpg'),
('PI_000160', 'https://i.pinimg.com/564x/9a/dd/81/9add8171b1edd791982f5f62b99c9e23.jpg'),
('PI_000161', 'https://i.pinimg.com/564x/cf/9c/92/cf9c92a290efece148c49f56edf1313e.jpg'),
('PI_000162', 'https://i.pinimg.com/736x/7c/d1/da/7cd1daf3d8ce615d1d52855cdc5b9904.jpg'),
('PI_000163', 'https://i.pinimg.com/564x/b2/19/44/b21944ad342970d3b1ffd5bed39f4dc6.jpg'),
('PI_000164', 'https://i.pinimg.com/564x/63/3e/0e/633e0e66d535bde044ec58961c9e317e.jpg'),
('PI_000165', 'https://i.pinimg.com/736x/1c/ed/fc/1cedfcd467d316cff397f3625479f155.jpg'),
('PI_000166', 'https://i.pinimg.com/564x/2c/a3/0d/2ca30d35dbba2f31bde7dea4fcdd072c.jpg'),
('PI_000167', 'https://i.pinimg.com/736x/28/31/a8/2831a85b85c02448fbbc2770f19a9d76.jpg'),
('PI_000168', 'https://i.pinimg.com/564x/05/75/03/05750310a32be7ef8030a2e45ab0ed6d.jpg'),
('PI_000169', 'https://i.pinimg.com/736x/62/20/df/6220df3f773cfb6ad2702226ab24824d.jpg'),
('PI_000170', 'https://i.pinimg.com/736x/f9/60/25/f9602594b6e78819980cc9bddf7054c2.jpg'),
('PI_000171', 'https://i.pinimg.com/736x/df/6c/fe/df6cfebef889836d72f3a486d071b80c.jpg'),
('PI_000172', 'https://i.pinimg.com/564x/cc/54/e0/cc54e01d3b9495c42745df9a9ec179fb.jpg'),
('PI_000173', 'https://i.pinimg.com/736x/2f/1a/02/2f1a022416a927eede43f96092b67a59.jpg'),
('PI_000174', 'https://i.pinimg.com/564x/9d/41/87/9d41878afa1c441a19f58b59841f255b.jpg'),
('PI_000175', 'https://i.pinimg.com/736x/fc/2b/43/fc2b433f3f1f55c89161a9cc8f221e52.jpg'),
('PI_000176', 'https://i.pinimg.com/736x/c9/ec/74/c9ec74e9083acb638bddc10906cbdb71.jpg'),
('PI_000177', 'https://i.pinimg.com/564x/8c/a6/81/8ca681fadda777e6f3e2c2a5d5fb99e0.jpg'),
('PI_000178', 'https://i.pinimg.com/736x/4a/b1/31/4ab1312255ea72acf05f51e398277677.jpg'),
('PI_000179', 'https://i.pinimg.com/736x/60/88/97/6088974d8f5c92bd1b2fda90567c6106.jpg'),
('PI_000180', 'https://i.pinimg.com/564x/62/b0/1a/62b01aefab645ac37dc199ef09296c16.jpg'),
('PI_000181', 'https://i.pinimg.com/736x/fe/fc/9c/fefc9c6e0fe49d7ef7b05b376cc3688b.jpg'),
('PI_000182', 'https://i.pinimg.com/564x/2f/12/00/2f1200dee501c7407d14d793867ada9c.jpg'),
('PI_000183', 'https://i.pinimg.com/736x/5f/e6/a4/5fe6a4aeae1cfabed3e79f6f9c3b8c97.jpg'),
('PI_000184', 'https://i.pinimg.com/736x/c9/a6/58/c9a658b7b88a8c4a9d4862e7978552ce.jpg'),
('PI_000185', 'https://i.pinimg.com/564x/8a/4f/b3/8a4fb3ea1555f3cb479bdf97c063cebf.jpg'),
('PI_000186', 'https://i.pinimg.com/564x/cc/26/03/cc2603fba67580b695b11ffd2246d641.jpg'),
('PI_000187', 'https://i.pinimg.com/564x/64/21/7f/64217fc5e8cbd61bb119a7927e038777.jpg'),
('PI_000188', 'https://i.pinimg.com/564x/f4/ac/08/f4ac0896f36b12bd2234779a152f847b.jpg'),
('PI_000189', 'https://i.pinimg.com/564x/48/aa/9d/48aa9dabd6870c2094f2f14b2c6fcd16.jpg'),
('PI_000190', 'https://i.pinimg.com/564x/0c/db/54/0cdb54a3af92851346df396e6428370a.jpg'),
('PI_000191', 'https://i.pinimg.com/564x/cc/a1/84/cca184fd5fd1e274ea3fd9258a2d8af0.jpg'),
('PI_000192', 'https://i.pinimg.com/564x/43/d3/ec/43d3ec94fd76bc4064e16b42a6d44f31.jpg'),
('PI_000193', 'https://i.pinimg.com/564x/73/6b/f0/736bf00df35c03f87ca9f2c03e9939fa.jpg'),
('PI_000194', 'https://i.pinimg.com/736x/2b/61/54/2b61542437c2df774c3ca664bd8f8418.jpg'),
('PI_000195', 'https://i.pinimg.com/564x/c7/30/21/c7302188bf8ec6bc11a9a65f89cff63d.jpg'),
('PI_000196', 'https://i.pinimg.com/564x/4b/c9/21/4bc9217333a948b87a55e843911edecb.jpg'),
('PI_000197', 'https://i.pinimg.com/564x/2c/35/42/2c35420974899c618a020b04e2f985e2.jpg'),
('PI_000198', 'https://i.pinimg.com/736x/80/4e/a7/804ea73fff615ec1e33652df0c6f88ee.jpg'),
('PI_000199', 'https://i.pinimg.com/736x/ea/82/93/ea829313643c88387d42a5fb05d77e80.jpg'),
('PI_000200', 'https://i.pinimg.com/564x/f1/d1/47/f1d147bc2bb3c58f761f1817ec6d534e.jpg'),
('PI_000201', 'https://i.pinimg.com/564x/8c/79/4c/8c794c1b9272c87a6ffa563459bb389e.jpg'),
('PI_000202', 'https://i.pinimg.com/736x/93/b6/48/93b648385af54168409f7c638f9a5e31.jpg'),
('PI_000203', 'https://i.pinimg.com/736x/f0/ed/7d/f0ed7dd0c7c12f7e2c39e7ebbd04a383.jpg'),
('PI_000204', 'https://i.pinimg.com/564x/e2/4d/2c/e24d2c95540fd5cdcbcf2dcd233335a9.jpg'),
('PI_000205', 'https://i.pinimg.com/564x/e9/c6/8b/e9c68bf3d33deb06c645bda05d95018e.jpg'),
('PI_000206', 'https://i.pinimg.com/736x/ff/0c/10/ff0c10d3522ffd6544cdb7c8f283c82e.jpg'),
('PI_000207', 'https://i.pinimg.com/564x/ce/27/79/ce27798300c963319a11fe425979cc84.jpg'),
('PI_000208', 'https://i.pinimg.com/564x/c9/01/f0/c901f0963cda863eea1cd79b2b4ce6af.jpg'),
('PI_000209', 'https://i.pinimg.com/564x/42/03/fc/4203fca3f660245acb9c55db4c0c1479.jpg'),
('PI_000210', 'https://i.pinimg.com/736x/94/f3/34/94f33413973672e42718ec8095a2f352.jpg'),
('PI_000211', 'https://i.pinimg.com/736x/07/a4/c3/07a4c34a9288beb4c22d2df9df1849af.jpg'),
('PI_000212', 'https://i.pinimg.com/564x/74/dd/d4/74ddd4c43ff6531c1741b56e5373f550.jpg'),
('PI_000213', 'https://i.pinimg.com/564x/42/ec/98/42ec9854b596676e2a4d98fb36bfcb31.jpg'),
('PI_000214', 'https://i.pinimg.com/736x/01/8d/8e/018d8eeff405c0be4f7df4a57aefc48a.jpg'),
('PI_000215', 'https://i.pinimg.com/564x/e8/d9/8a/e8d98a83d7360b332bb7087cee2f2d10.jpg'),
('PI_000216', 'https://i.pinimg.com/564x/5d/2b/af/5d2bafecf16dc80b3044c4875ad09c46.jpg'),
('PI_000217', 'https://i.pinimg.com/564x/18/bb/26/18bb261d602bd49ca3128a034f34adbf.jpg'),
('PI_000218', 'https://i.pinimg.com/564x/32/01/f6/3201f612aeb33a1dcd86e8cef149c328.jpg'),
('PI_000219', 'https://i.pinimg.com/564x/f2/45/b7/f245b782e55b7e479da6554cd62dfa64.jpg'),
('PI_000220', 'https://i.pinimg.com/564x/c9/70/8b/c9708b6819694f0e0f96d4d2a9b60337.jpg'),
('PI_000221', 'https://i.pinimg.com/564x/db/2a/a2/db2aa2cc66e5a2389b9317f88096d60a.jpg'),
('PI_000222', 'https://i.pinimg.com/564x/7c/25/a6/7c25a64e1794735d5258342eab41c945.jpg'),
('PI_000223', 'https://i.pinimg.com/564x/0c/db/54/0cdb54a3af92851346df396e6428370a.jpg'),
('PI_000224', 'https://i.pinimg.com/736x/33/37/69/333769c76b32366fa2e4c8e8c29aa2c3.jpg'),
('PI_000225', 'https://i.pinimg.com/564x/cc/a1/84/cca184fd5fd1e274ea3fd9258a2d8af0.jpg'),
('PI_000226', 'https://i.pinimg.com/564x/4c/6e/a8/4c6ea85bec9a25c43b159af08d4361cb.jpg'),
('PI_000227', 'https://i.pinimg.com/564x/64/53/9f/64539f90b0841a550318bf0e77047cae.jpg'),
('PI_000228', 'https://i.pinimg.com/564x/b2/80/4f/b2804f2915a4c7e284aa05be5caecdad.jpg'),
('PI_000229', 'https://i.pinimg.com/736x/80/4e/a7/804ea73fff615ec1e33652df0c6f88ee.jpg'),
('PI_000230', 'https://i.pinimg.com/564x/e1/68/0f/e1680ff705a0295725a26332de6a2e70.jpg'),
('PI_000231', 'https://i.pinimg.com/564x/51/6e/98/516e98f12724c1ab6f54838b9cbb1757.jpg'),
('PI_000232', 'https://i.pinimg.com/564x/f1/d1/47/f1d147bc2bb3c58f761f1817ec6d534e.jpg'),
('PI_000233', 'https://i.pinimg.com/564x/1c/c6/8c/1cc68cadd681ada1cb6f6f5e784936d5.jpg'),
('PI_000234', 'https://i.pinimg.com/564x/66/fb/54/66fb546ed9951a597d25125663f377e3.jpg'),
('PI_000235', 'https://i.pinimg.com/564x/93/b6/48/93b648385af54168409f7c638f9a5e31.jpg'),
('PI_000236', 'https://i.pinimg.com/564x/1e/f8/f8/1ef8f8d1eb91078b0c81d55f7f650461.jpg'),
('PI_000237', 'https://i.pinimg.com/564x/48/5e/e3/485ee38193eb07b7a711455fdda2b2eb.jpg'),
('PI_000238', 'https://i.pinimg.com/564x/ec/8c/4d/ec8c4dee428db9d4e74cf3dbc4135b7f.jpg'),
('PI_000239', 'https://i.pinimg.com/564x/0f/c6/66/0fc666b9a9442536227411c6bc28e49c.jpg'),
('PI_000240', 'https://i.pinimg.com/564x/9a/dd/81/9add8171b1edd791982f5f62b99c9e23.jpg'),
('PI_000241', 'https://i.pinimg.com/564x/cf/9c/92/cf9c92a290efece148c49f56edf1313e.jpg'),
('PI_000242', 'https://i.pinimg.com/736x/7c/d1/da/7cd1daf3d8ce615d1d52855cdc5b9904.jpg'),
('PI_000243', 'https://i.pinimg.com/564x/b2/19/44/b21944ad342970d3b1ffd5bed39f4dc6.jpg'),
('PI_000244', 'https://i.pinimg.com/564x/63/3e/0e/633e0e66d535bde044ec58961c9e317e.jpg'),
('PI_000245', 'https://i.pinimg.com/736x/1c/ed/fc/1cedfcd467d316cff397f3625479f155.jpg'),
('PI_000246', 'https://i.pinimg.com/564x/2c/a3/0d/2ca30d35dbba2f31bde7dea4fcdd072c.jpg'),
('PI_000247', 'https://i.pinimg.com/736x/28/31/a8/2831a85b85c02448fbbc2770f19a9d76.jpg'),
('PI_000248', 'https://i.pinimg.com/564x/05/75/03/05750310a32be7ef8030a2e45ab0ed6d.jpg'),
('PI_000249', 'https://i.pinimg.com/736x/62/20/df/6220df3f773cfb6ad2702226ab24824d.jpg'),
('PI_000250', 'https://i.pinimg.com/736x/f9/60/25/f9602594b6e78819980cc9bddf7054c2.jpg'),
('PI_000251', 'https://i.pinimg.com/736x/df/6c/fe/df6cfebef889836d72f3a486d071b80c.jpg'),
('PI_000252', 'https://i.pinimg.com/564x/cc/54/e0/cc54e01d3b9495c42745df9a9ec179fb.jpg'),
('PI_000253', 'https://i.pinimg.com/736x/2f/1a/02/2f1a022416a927eede43f96092b67a59.jpg'),
('PI_000254', 'https://i.pinimg.com/564x/9d/41/87/9d41878afa1c441a19f58b59841f255b.jpg'),
('PI_000255', 'https://i.pinimg.com/736x/fc/2b/43/fc2b433f3f1f55c89161a9cc8f221e52.jpg'),
('PI_000256', 'https://i.pinimg.com/736x/c9/ec/74/c9ec74e9083acb638bddc10906cbdb71.jpg'),
('PI_000257', 'https://i.pinimg.com/564x/8c/a6/81/8ca681fadda777e6f3e2c2a5d5fb99e0.jpg'),
('PI_000258', 'https://i.pinimg.com/736x/4a/b1/31/4ab1312255ea72acf05f51e398277677.jpg'),
('PI_000259', 'https://i.pinimg.com/736x/60/88/97/6088974d8f5c92bd1b2fda90567c6106.jpg'),
('PI_000260', 'https://i.pinimg.com/564x/62/b0/1a/62b01aefab645ac37dc199ef09296c16.jpg'),
('PI_000261', 'https://i.pinimg.com/736x/fe/fc/9c/fefc9c6e0fe49d7ef7b05b376cc3688b.jpg'),
('PI_000262', 'https://i.pinimg.com/564x/2f/12/00/2f1200dee501c7407d14d793867ada9c.jpg'),
('PI_000263', 'https://i.pinimg.com/736x/5f/e6/a4/5fe6a4aeae1cfabed3e79f6f9c3b8c97.jpg'),
('PI_000264', 'https://i.pinimg.com/736x/c9/a6/58/c9a658b7b88a8c4a9d4862e7978552ce.jpg'),
('PI_000265', 'https://i.pinimg.com/564x/8a/4f/b3/8a4fb3ea1555f3cb479bdf97c063cebf.jpg'),
('PI_000266', 'https://i.pinimg.com/564x/cc/26/03/cc2603fba67580b695b11ffd2246d641.jpg'),
('PI_000267', 'https://i.pinimg.com/564x/64/21/7f/64217fc5e8cbd61bb119a7927e038777.jpg'),
('PI_000268', 'https://i.pinimg.com/564x/f4/ac/08/f4ac0896f36b12bd2234779a152f847b.jpg'),
('PI_000269', 'https://i.pinimg.com/564x/48/aa/9d/48aa9dabd6870c2094f2f14b2c6fcd16.jpg'),
('PI_000270', 'https://i.pinimg.com/564x/0c/db/54/0cdb54a3af92851346df396e6428370a.jpg'),
('PI_000271', 'https://i.pinimg.com/564x/cc/a1/84/cca184fd5fd1e274ea3fd9258a2d8af0.jpg'),
('PI_000272', 'https://i.pinimg.com/564x/43/d3/ec/43d3ec94fd76bc4064e16b42a6d44f31.jpg'),
('PI_000273', 'https://i.pinimg.com/564x/73/6b/f0/736bf00df35c03f87ca9f2c03e9939fa.jpg'),
('PI_000274', 'https://i.pinimg.com/736x/2b/61/54/2b61542437c2df774c3ca664bd8f8418.jpg'),
('PI_000275', 'https://i.pinimg.com/564x/c7/30/21/c7302188bf8ec6bc11a9a65f89cff63d.jpg'),
('PI_000276', 'https://i.pinimg.com/564x/4b/c9/21/4bc9217333a948b87a55e843911edecb.jpg'),
('PI_000277', 'https://i.pinimg.com/564x/2c/35/42/2c35420974899c618a020b04e2f985e2.jpg'),
('PI_000278', 'https://i.pinimg.com/736x/80/4e/a7/804ea73fff615ec1e33652df0c6f88ee.jpg'),
('PI_000279', 'https://i.pinimg.com/736x/ea/82/93/ea829313643c88387d42a5fb05d77e80.jpg'),
('PI_000280', 'https://i.pinimg.com/564x/f1/d1/47/f1d147bc2bb3c58f761f1817ec6d534e.jpg'),
('PI_000281', 'https://i.pinimg.com/564x/8c/79/4c/8c794c1b9272c87a6ffa563459bb389e.jpg'),
('PI_000282', 'https://i.pinimg.com/736x/93/b6/48/93b648385af54168409f7c638f9a5e31.jpg'),
('PI_000283', 'https://i.pinimg.com/736x/f0/ed/7d/f0ed7dd0c7c12f7e2c39e7ebbd04a383.jpg'),
('PI_000284', 'https://i.pinimg.com/564x/e2/4d/2c/e24d2c95540fd5cdcbcf2dcd233335a9.jpg'),
('PI_000285', 'https://i.pinimg.com/564x/e9/c6/8b/e9c68bf3d33deb06c645bda05d95018e.jpg'),
('PI_000286', 'https://i.pinimg.com/736x/ff/0c/10/ff0c10d3522ffd6544cdb7c8f283c82e.jpg'),
('PI_000287', 'https://i.pinimg.com/564x/ce/27/79/ce27798300c963319a11fe425979cc84.jpg'),
('PI_000288', 'https://i.pinimg.com/564x/c9/01/f0/c901f0963cda863eea1cd79b2b4ce6af.jpg'),
('PI_000289', 'https://i.pinimg.com/564x/42/03/fc/4203fca3f660245acb9c55db4c0c1479.jpg'),
('PI_000290', 'https://i.pinimg.com/736x/94/f3/34/94f33413973672e42718ec8095a2f352.jpg'),
('PI_000291', 'https://i.pinimg.com/736x/07/a4/c3/07a4c34a9288beb4c22d2df9df1849af.jpg'),
('PI_000292', 'https://i.pinimg.com/564x/74/dd/d4/74ddd4c43ff6531c1741b56e5373f550.jpg'),
('PI_000293', 'https://i.pinimg.com/564x/42/ec/98/42ec9854b596676e2a4d98fb36bfcb31.jpg'),
('PI_000294', 'https://i.pinimg.com/736x/01/8d/8e/018d8eeff405c0be4f7df4a57aefc48a.jpg'),
('PI_000295', 'https://i.pinimg.com/564x/e8/d9/8a/e8d98a83d7360b332bb7087cee2f2d10.jpg'),
('PI_000296', 'https://i.pinimg.com/564x/5d/2b/af/5d2bafecf16dc80b3044c4875ad09c46.jpg'),
('PI_000297', 'https://i.pinimg.com/564x/18/bb/26/18bb261d602bd49ca3128a034f34adbf.jpg'),
('PI_000298', 'https://i.pinimg.com/564x/32/01/f6/3201f612aeb33a1dcd86e8cef149c328.jpg'),
('PI_000299', 'https://i.pinimg.com/564x/f2/45/b7/f245b782e55b7e479da6554cd62dfa64.jpg'),
('PI_000300', 'https://i.pinimg.com/564x/c9/70/8b/c9708b6819694f0e0f96d4d2a9b60337.jpg'),
('PI_000301', 'https://i.pinimg.com/564x/db/2a/a2/db2aa2cc66e5a2389b9317f88096d60a.jpg'),
('PI_000302', 'https://i.pinimg.com/564x/7c/25/a6/7c25a64e1794735d5258342eab41c945.jpg'),
('PI_000303', 'https://i.pinimg.com/564x/0c/db/54/0cdb54a3af92851346df396e6428370a.jpg'),
('PI_000304', 'https://i.pinimg.com/736x/33/37/69/333769c76b32366fa2e4c8e8c29aa2c3.jpg'),
('PI_000305', 'https://i.pinimg.com/564x/cc/a1/84/cca184fd5fd1e274ea3fd9258a2d8af0.jpg'),
('PI_000306', 'https://i.pinimg.com/564x/4c/6e/a8/4c6ea85bec9a25c43b159af08d4361cb.jpg'),
('PI_000307', 'https://i.pinimg.com/564x/64/53/9f/64539f90b0841a550318bf0e77047cae.jpg'),
('PI_000308', 'https://i.pinimg.com/564x/b2/80/4f/b2804f2915a4c7e284aa05be5caecdad.jpg'),
('PI_000309', 'https://i.pinimg.com/564x/80/4e/a7/804ea73fff615ec1e33652df0c6f88ee.jpg'),
('PI_000310', 'https://i.pinimg.com/564x/e1/68/0f/e1680ff705a0295725a26332de6a2e70.jpg'),
('PI_000311', 'https://i.pinimg.com/564x/51/6e/98/516e98f12724c1ab6f54838b9cbb1757.jpg'),
('PI_000312', 'https://i.pinimg.com/564x/f1/d1/47/f1d147bc2bb3c58f761f1817ec6d534e.jpg'),
('PI_000313', 'https://i.pinimg.com/564x/1c/c6/8c/1cc68cadd681ada1cb6f6f5e784936d5.jpg'),
('PI_000314', 'https://i.pinimg.com/564x/66/fb/54/66fb546ed9951a597d25125663f377e3.jpg'),
('PI_000315', 'https://i.pinimg.com/564x/93/b6/48/93b648385af54168409f7c638f9a5e31.jpg'),
('PI_000316', 'https://i.pinimg.com/564x/1e/f8/f8/1ef8f8d1eb91078b0c81d55f7f650461.jpg'),
('PI_000317', 'https://i.pinimg.com/564x/48/5e/e3/485ee38193eb07b7a711455fdda2b2eb.jpg'),
('PI_000318', 'https://i.pinimg.com/564x/ec/8c/4d/ec8c4dee428db9d4e74cf3dbc4135b7f.jpg'),
('PI_000319', 'https://i.pinimg.com/564x/0f/c6/66/0fc666b9a9442536227411c6bc28e49c.jpg'),
('PI_000320', 'https://i.pinimg.com/564x/9a/dd/81/9add8171b1edd791982f5f62b99c9e23.jpg'),
('PI_000321', 'https://i.pinimg.com/564x/ec/8c/4d/ec8c4dee428db9d4e74cf3dbc4135b7f.jpg'),
('PI_000322', 'https://i.pinimg.com/564x/0f/c6/66/0fc666b9a9442536227411c6bc28e49c.jpg'),
('PI_000323', 'https://i.pinimg.com/564x/9a/dd/81/9add8171b1edd791982f5f62b99c9e23.jpg'),
('PI_000324', 'https://i.pinimg.com/564x/1c/c6/8c/1cc68cadd681ada1cb6f6f5e784936d5.jpg'),
('PI_000325', 'https://i.pinimg.com/564x/66/fb/54/66fb546ed9951a597d25125663f377e3.jpg'),
('PI_000326', 'https://i.pinimg.com/564x/80/4e/a7/804ea73fff615ec1e33652df0c6f88ee.jpg'),
('PI_000327', 'https://i.pinimg.com/564x/e1/68/0f/e1680ff705a0295725a26332de6a2e70.jpg'),
('PI_000328', 'https://i.pinimg.com/564x/51/6e/98/516e98f12724c1ab6f54838b9cbb1757.jpg'),
('PI_000329', 'https://i.pinimg.com/564x/f1/d1/47/f1d147bc2bb3c58f761f1817ec6d534e.jpg'),
('PI_000330', 'https://i.pinimg.com/564x/1c/c6/8c/1cc68cadd681ada1cb6f6f5e784936d5.jpg'),
('PI_000331', 'https://i.pinimg.com/564x/66/fb/54/66fb546ed9951a597d25125663f377e3.jpg'),
('PI_000332', 'https://i.pinimg.com/564x/93/b6/48/93b648385af54168409f7c638f9a5e31.jpg'),
('PI_000333', 'https://i.pinimg.com/564x/1e/f8/f8/1ef8f8d1eb91078b0c81d55f7f650461.jpg'),
('PI_000334', 'https://i.pinimg.com/564x/48/5e/e3/485ee38193eb07b7a711455fdda2b2eb.jpg'),
('PI_000335', 'https://i.pinimg.com/564x/ec/8c/4d/ec8c4dee428db9d4e74cf3dbc4135b7f.jpg'),
('PI_000336', 'https://i.pinimg.com/564x/0f/c6/66/0fc666b9a9442536227411c6bc28e49c.jpg'),
('PI_000337', 'https://i.pinimg.com/564x/9a/dd/81/9add8171b1edd791982f5f62b99c9e23.jpg'),
('PI_000338', 'https://i.pinimg.com/564x/ec/8c/4d/ec8c4dee428db9d4e74cf3dbc4135b7f.jpg'),
('PI_000339', 'https://i.pinimg.com/564x/0f/c6/66/0fc666b9a9442536227411c6bc28e49c.jpg'),
('PI_000340', 'https://i.pinimg.com/564x/9a/dd/81/9add8171b1edd791982f5f62b99c9e23.jpg'),
('PI_000341', 'https://i.pinimg.com/564x/1c/c6/8c/1cc68cadd681ada1cb6f6f5e784936d5.jpg'),
('PI_000342', 'https://i.pinimg.com/564x/66/fb/54/66fb546ed9951a597d25125663f377e3.jpg'),
('PI_000343', 'https://i.pinimg.com/564x/ec/8c/4d/ec8c4dee428db9d4e74cf3dbc4135b7f.jpg'),
('PI_000344', 'https://i.pinimg.com/564x/0f/c6/66/0fc666b9a9442536227411c6bc28e49c.jpg'),
('PI_000345', 'https://i.pinimg.com/564x/9a/dd/81/9add8171b1edd791982f5f62b99c9e23.jpg'),
('PI_000346', 'https://i.pinimg.com/564x/1c/c6/8c/1cc68cadd681ada1cb6f6f5e784936d5.jpg'),
('PI_000347', 'https://i.pinimg.com/564x/66/fb/54/66fb546ed9951a597d25125663f377e3.jpg'),
('PI_000348', 'https://i.pinimg.com/564x/9a/dd/81/9add8171b1edd791982f5f62b99c9e23.jpg'),
('PI_000349', 'https://i.pinimg.com/564x/1c/c6/8c/1cc68cadd681ada1cb6f6f5e784936d5.jpg'),
('PI_000350', 'https://i.pinimg.com/564x/66/fb/54/66fb546ed9951a597d25125663f377e3.jpg');

INSERT INTO Product (Pro_id, Cate_id, Pro_name, Price, Dis_price, Pro_des, Saled_quantity, Admin_id, Gallery_id, Created_date, Update_date) VALUES
('#0000001', 'CT0002', N'Áo Polo Premium A01', 277000, 249300, N'Chất liệu: Kaki nhung gân. Thành phần: 100% Polyester', 72, 'UID18640001', 'PI_000001', '20230211', '20230206'),
('#0000002', 'CT0002', N'Áo Polo Classic A02', 230000, 207000, N'Chất liệu: Vải tổng hợp mềm mịn Thành phần: 80% Polyester, 20% Spandex', 64, 'UID18640002', 'PI_000002', '20220429', '20220424'),
('#0000003', 'CT0002', N'Áo Polo Luxury A03', 239000, 215100, N'Chất liệu: Sateen Silk cao cấp Thành phần: 70% Silk, 30% Cotton', 72, 'UID18640003', 'PI_000003', '20220710', '20220705'),
('#0000004', 'CT0002', N'Áo Polo Elegance A04', 215000, 193500, N'Chất liệu: Vải Flannel êm ái Thành phần: 50% Cotton, 50% Polyester', 68, 'UID18640004', 'PI_000004', '20210602', '20210528'),
('#0000005', 'CT0002', N'Áo Polo Charm A05', 215000, 193500, N'Chất liệu: Velvet mịn màng Thành phần: 60% Velvet, 40% Rayon', 76, 'UID18640001', 'PI_000005', '20191223', '20191218'),
('#0000006', 'CT0002', N'Áo Polo Chic A06', 215000, 193500, N'Chất liệu: Tweed cao cấp Thành phần: 75% Wool, 25% Nylon', 45, 'UID18640002', 'PI_000006', '20230911', '20230906'),
('#0000007', 'CT0002', N'Áo Polo Vintage A07', 215000, 193500, N'Chất liệu: Vải Denim bền chặt Thành phần: 90% Cotton, 10% Elastane', 79, 'UID18640003', 'PI_000007', '20170530', '20170525'),
('#0000008', 'CT0002', N'Áo Polo Delight A08', 215000, 193500, N'Chất liệu: Cotton tự nhiên Thành phần: 100% Organic Cotton', 53, 'UID18640004', 'PI_000008', '20211214', '20211209'),
('#0000009', 'CT0002', N'Áo Polo Exquisite A09', 215000, 193500, N'Chất liệu: Velvet nhung mịn Thành phần: 50% Velvet, 50% Polyester', 65, 'UID18640001', 'PI_000009', '20221129', '20221124'),
('#0000010', 'CT0002', N'Áo Polo Refined A10', 215000, 193500, N'Chất liệu: Vải Lanh tự nhiên Thành phần: 70% Linen, 30% Cotton', 71, 'UID18640002', 'PI_000010', '20210520', '20210515'),
('#0000011', 'CT0002', N'Áo Polo Velvet A11', 215000, 193500, N'Chất liệu: Velvet cao cấp Thành phần: 80% Velvet, 20% Silk', 51, 'UID18640003', 'PI_000011', '20210210', '20210205'),
('#0000012', 'CT0002', N'Áo Polo Eleganza A13', 215000, 193500, N'Chất liệu: Vải Cashmere sang trọng Thành phần: 85% Cashmere, 15% Silk', 14, 'UID18640004', 'PI_000012', '20200121', '20200116'),
('#0000013', 'CT0002', N'Áo Polo Divine A14', 215000, 193500, N'Chất liệu: Velvet tổng hợp Thành phần: 60% Velvet, 40% Rayon', 93, 'UID18640001', 'PI_000013', '20220227', '20220222'),
('#0000014', 'CT0002', N'Áo Polo Excellence A15', 215000, 193500, N'Chất liệu: Flannel Cotton mềm mịn Thành phần: 80% Cotton, 20% Polyester', 44, 'UID18640002', 'PI_000014', '20180807', '20180802'),
('#0000015', 'CT0002', N'Áo Polo Elegant A16', 215000, 193500, N'Chất liệu: Sateen Silk lịch lãm Thành phần: 70% Silk, 30% Cotton', 96, 'UID18640003', 'PI_000015', '20180611', '20180606'),
('#0000016', 'CT0002', N'Áo Polo Regal A17', 277000, 249300, N'Chất liệu: Velvet đặc biệt Thành phần: 50% Velvet, 50% Rayon', 60, 'UID18640004', 'PI_000016', '20190921', '20190916'),
('#0000017', 'CT0002', N'Áo Polo Magnifique A18', 277000, 249300, N'Chất liệu: Tweed tự nhiên Thành phần: 85% Wool, 15% Nylon', 54, 'UID18640001', 'PI_000017', '20220411', '20220406'),
('#0000018', 'CT0002', N'Áo Polo Luxurious A19', 277000, 249300, N'Chất liệu: Vải Flannel cao cấp Thành phần: 60% Cotton, 40% Polyester', 66, 'UID18640002', 'PI_000018', '20210813', '20210808'),
('#0000019', 'CT0002', N'Áo Polo Distinguished A20', 277000, 249300, N'Chất liệu: Velvet Velvet Thành phần: 65% Velvet, 35% Rayon', 59, 'UID18640003', 'PI_000019', '20190317', '20190312'),
('#0000020', 'CT0002', N'Áo Polo Grandeur A21', 277000, 249300, N'Chất liệu: Sateen Silk lịch lãm Thành phần: 75% Silk, 25% Cotton', 47, 'UID18640004', 'PI_000020', '20210926', '20210921'),
('#0000021', 'CT0002', N'Áo Polo Sophisticated A22', 277000, 249300, N'Chất liệu: Velvet cao cấp Thành phần: 55% Velvet, 45% Rayon', 40, 'UID18640001', 'PI_000021', '20171219', '20171214'),
('#0000022', 'CT0002', N'Áo Polo Refined Elegance A23', 277000, 249300, N'Chất liệu: Vải Lanh tự nhiên Thành phần: 60% Linen, 40% Cotton', 57, 'UID18640002', 'PI_000022', '20210412', '20210407'),
('#0000023', 'CT0002', N'Áo Polo Deluxe A24', 277000, 249300, N'Chất liệu: Vải Cashmere cao cấp Thành phần: 90% Cashmere, 10% Silk', 63, 'UID18640003', 'PI_000023', '20180224', '20180219'),
('#0000024', 'CT0002', N'Áo Polo Opulent A25', 277000, 249300, N'Chất liệu: Velvet mịn màng Thành phần: 70% Velvet, 30% Rayon', 55, 'UID18640004', 'PI_000024', '20230217', '20230212'),
('#0000025', 'CT0002', N'Áo Polo Majestic A26', 277000, 249300, N'Chất liệu: Flannel êm ái Thành phần: 65% Cotton, 35% Polyester', 40, 'UID18640001', 'PI_000025', '20211130', '20211125'),
('#0000026', 'CT0002', N'Áo Polo Grandiose A27', 277000, 249300, N'Chất liệu: Sateen Silk cao cấp Thành phần: 80% Silk, 20% Cotton', 48, 'UID18640002', 'PI_000026', '20191105', '20191031'),
('#0000027', 'CT0002', N'Áo Polo Royalty A28', 277000, 249300, N'Chất liệu: Velvet đẳng cấp Thành phần: 75% Velvet, 25% Rayon', 45, 'UID18640003', 'PI_000027', '20200503', '20200428'),
('#0000028', 'CT0002', N'Áo Polo Elegance A29', 277000, 249300, N'Chất liệu: Vải Tweed truyền thống Thành phần: 80% Wool, 20% Nylon', 58, 'UID18640004', 'PI_000028', '20201229', '20201224'),
('#0000029', 'CT0002', N'Áo Polo Luxurious A30', 277000, 249300, N'Chất liệu: Velvet Velvet Thành phần: 65% Velvet, 35% Rayon', 57, 'UID18640003', 'PI_000029', '20220910', '20220905'),
('#0000030', 'CT0003', N'Varsity Dragon Flyer', 199000, 179000, N'Chất liệu: Cotton Poly Thành phần: 87% Cotton 13% Polyester', 79, 'UID18640001', 'PI_000030', '20220305', '20220228'),
('#0000031', 'CT0003', N'Varsity Sky Escaper', 199000, 179000, N'Chất liệu: Cotton Blend Thành phần: 80% Cotton, 20% Polyester', 49, 'UID18640002', 'PI_000031', '20181012', '20181007'),
('#0000032', 'CT0003', N'Varsity Sky Soarer', 199000, 179000, N'Chất liệu: Cotton Poly Blend Thành phần: 75% Cotton, 25% Polyester', 60, 'UID18640003', 'PI_000032', '20230111', '20230106'),
('#0000033', 'CT0003', N'Varsity Thunder Striker', 199000, 179000, N'Chất liệu: Poly Cotton Mix Thành phần: 70% Polyester, 30% Cotton', 58, 'UID18640004', 'PI_000033', '20190205', '20190131'),
('#0000034', 'CT0003', N'Varsity Electric Aviator', 199000, 179000, N'Chất liệu: Cotton-Polyester Blend Thành phần: 90% Cotton, 10% Polyester', 64, 'UID18640001', 'PI_000034', '20200804', '20200730'),
('#0000035', 'CT0003', N'Varsity Neon Voyager', 199000, 179000, N'Chất liệu: Cotton-Poly Mix Thành phần: 60% Cotton, 40% Polyester', 28, 'UID18640002', 'PI_000035', '20221010', '20221005'),
('#0000036', 'CT0003', N'Varsity Cosmic Cruiser', 199000, 179000, N'Chất liệu: Poly-Cotton Blend Thành phần: 85% Polyester, 15% Cotton', 58, 'UID18640003', 'PI_000036', '20190606', '20190601'),
('#0000037', 'CT0003', N'Varsity Solar Surfer', 199000, 179000, N'Chất liệu: Cotton-Polyester Combo Thành phần: 55% Cotton, 45% Polyester', 90, 'UID18640004', 'PI_000037', '20200309', '20200304'),
('#0000038', 'CT0003', N'Varsity Starship Traveler', 199000, 179000, N'Chất liệu: Cotton Polyester Fusion Thành phần: 75% Cotton, 25% Polyester', 63, 'UID18640001', 'PI_000038', '20210727', '20210722'),
('#0000039', 'CT0003', N'Varsity Galactic Explorer', 199000, 179000, N'Chất liệu: Poly-Cotton Fabric Thành phần: 65% Polyester, 35% Cotton', 62, 'UID18640002', 'PI_000039', '20180908', '20180903'),
('#0000040', 'CT0003', N'Varsity Universe Trekker', 199000, 179000, N'Chất liệu: Cotton Poly Material Thành phần: 80% Cotton, 20% Polyester', 42, 'UID18640003', 'PI_000040', '20230505', '20230430'),
('#0000041', 'CT0003', N'Varsity Astral Adventurer', 199000, 179000, N'Chất liệu: Cotton-Polyester Blend Thành phần: 70% Cotton, 30% Polyester', 40, 'UID18640004', 'PI_000041', '20210302', '20210225'),
('#0000042', 'CT0003', N'Varsity Space Sailor', 199000, 179000, N'Chất liệu: Cotton Poly Fabric Thành phần: 90% Cotton, 10% Polyester', 87, 'UID18640001', 'PI_000042', '20170314', '20170309'),
('#0000043', 'CT0003', N'Varsity Comet Chaser', 199000, 179000, N'Chất liệu: Poly Cotton Material Thành phần: 60% Polyester, 40% Cotton', 49, 'UID18640002', 'PI_000043', '20190415', '20190410'),
('#0000044', 'CT0003', N'Varsity Stellar Voyager', 199000, 179000, N'Chất liệu: Cotton-Polyester Fusion Thành phần: 85% Cotton, 15% Polyester', 82, 'UID18640003', 'PI_000044', '20200917', '20200912'),
('#0000045', 'CT0003', N'Varsity Cosmic Nomad', 199000, 179000, N'Chất liệu: Cotton Poly Mix Thành phần: 75% Cotton, 25% Polyester', 71, 'UID18640004', 'PI_000045', '20180528', '20180523'),
('#0000046', 'CT0003', N'Varsity Interstellar Traveler', 199000, 179000, N'Chất liệu: Poly-Cotton Material Thành phần: 70% Polyester, 30% Cotton', 73, 'UID18640001', 'PI_000046', '20211002', '20210927'),
('#0000047', 'CT0003', N'Varsity Solar Explorer', 199000, 179000, N'Chất liệu: Cotton-Poly Blend Thành phần: 90% Cotton, 10% Polyester', 79, 'UID18640002', 'PI_000047', '20181230', '20181225'),
('#0000048', 'CT0003', N'Varsity Galactic Voyager', 199000, 179000, N'Chất liệu: Poly-Cotton Fusion Thành phần: 80% Polyester, 20% Cotton', 35, 'UID18640003', 'PI_000048', '20230612', '20230607'),
('#0000049', 'CT0003', N'Varsity Starship Seeker', 199000, 179000, N'Chất liệu: Cotton Polyester Combo Thành phần: 60% Cotton, 40% Polyester', 75, 'UID18640004', 'PI_000049', '20220516', '20220511'),
('#0000050', 'CT0003', N'Varsity Cosmic Pioneer', 199000, 179000, N'Chất liệu: Cotton Poly Material Thành phần: 70% Cotton, 30% Polyester', 47, 'UID18640001', 'PI_000050', '20190516', '20190511'),
('#0000051', 'CT0003', N'Varsity Universe Explorer', 199000, 179000, N'Chất liệu: Poly-Cotton Fabric Thành phần: 80% Polyester, 20% Cotton', 45, 'UID18640002', 'PI_000051', '20220128', '20220123'),
('#0000052', 'CT0003', N'Varsity Astral Voyager', 199000, 179000, N'Chất liệu: Cotton-Poly Blend Thành phần: 75% Cotton, 25% Polyester', 66, 'UID18640003', 'PI_000052', '20220813', '20220808'),
('#0000053', 'CT0003', N'Varsity Space Nomad', 199000, 179000, N'Chất liệu: Cotton Poly Fabric Thành phần: 65% Cotton, 35% Polyester', 35, 'UID18640004', 'PI_000053', '20191008', '20191003'),
('#0000054', 'CT0003', N'Varsity Comet Explorer', 199000, 179000, N'Chất liệu: Poly Cotton Material Thành phần: 85% Polyester, 15% Cotton', 28, 'UID18640001', 'PI_000054', '20180306', '20180301'),
('#0000055', 'CT0003', N'Varsity Stellar Pioneer', 199000, 179000, N'Chất liệu: Cotton-Polyester Fusion Thành phần: 90% Cotton, 10% Polyester', 60, 'UID18640002', 'PI_000055', '20200601', '20200527'),
('#0000056', 'CT0003', N'Varsity Cosmic Nomad', 199000, 179000, N'Chất liệu: Cotton Poly Mix Thành phần: 75% Cotton, 25% Polyester', 72, 'UID18640003', 'PI_000056', '20201111', '20201106'),
('#0000057', 'CT0003', N'Varsity Interstellar Explorer', 199000, 179000, N'Chất liệu: Poly-Cotton Material Thành phần: 70% Polyester, 30% Cotton', 68, 'UID18640004', 'PI_000057', '20190128', '20190123'),
('#0000058', 'CT0003', N'Varsity Solar Voyager', 199000, 179000, N'Chất liệu: Cotton-Poly Blend Thành phần: 85% Cotton, 15% Polyester', 64, 'UID18640002', 'PI_000058', '20230331', '20230326'),
('#0000059', 'CT0003', N'Varsity Galactic Pioneer', 199000, 179000, N'Chất liệu: Poly-Cotton Fusion Thành phần: 80% Polyester, 20% Cotton', 53, 'UID18640003', 'PI_000059', '20221220', '20221215'),
('#0000060', 'CT0003', N'Varsity Starship Explorer', 199000, 179000, N'Chất liệu: Cotton Polyester Combo Thành phần: 60% Cotton, 40% Polyester', 73, 'UID18640004', 'PI_000060', '20190724', '20190719'),
('#0000061', 'CT0004', N'Bomber BST Day''s 34', 300000, 270000, N'Chất liệu: Cotton, Tơ sợi Trung Hoa Thành phần: 89% Polyester, 11% Tơ sợi', 74, 'UID18640001', 'PI_000061', '20210103', '20201229'),
('#0000062', 'CT0004', N'Bomber Retro Vision', 300000, 270000, N'Chất liệu: Cotton, Tơ sợi Trung Đông Thành phần: 89% Polyester, 11% Tơ sợi', 91, 'UID18640002', 'PI_000062', '20200414', '20200404'),
('#0000063', 'CT0004', N'Bomber Classic Stylish', 300000, 270000, N'Chất liệu: Cotton Blend Thành phần: 80% Polyester, 20% Tơ sợi', 55, 'UID18640003', 'PI_000063', '20171120', '20171110'),
('#0000064', 'CT0004', N'Bomber Urban Challenger', 300000, 270000, N'Chất liệu: Cotton-Polyester Fusion Thành phần: 70% Polyester, 30% Tơ sợi', 60, 'UID18640004', 'PI_000064', '20170204', '20170125'),
('#0000065', 'CT0004', N'Bomber Street Chic', 300000, 270000, N'Chất liệu: Poly-Cotton Mix Thành phần: 60% Polyester, 40% Tơ sợi', 57, 'UID18640001', 'PI_000065', '20190805', '20190726'),
('#0000066', 'CT0004', N'Bomber City Lights', 300000, 270000, N'Chất liệu: Cotton Polyester Combo Thành phần: 50% Polyester, 50% Tơ sợi', 58, 'UID18640002', 'PI_000066', '20220505', '20220425'),
('#0000067', 'CT0004', N'Bomber Vintage Vibes', 300000, 270000, N'Chất liệu: Poly-Cotton Material Thành phần: 75% Polyester, 25% Tơ sợi', 78, 'UID18640003', 'PI_000067', '20230407', '20230328'),
('#0000068', 'CT0004', N'Bomber Urban Groove', 300000, 270000, N'Chất liệu: Cotton-Polyester Blend Thành phần: 65% Polyester, 35% Tơ sợi', 65, 'UID18640004', 'PI_000068', '20230722', '20230712'),
('#0000069', 'CT0004', N'Bomber Urban Chic', 300000, 270000, N'Chất liệu: Poly-Cotton Fusion Thành phần: 85% Polyester, 15% Tơ sợi', 67, 'UID18640001', 'PI_000069', '20200211', '20200201'),
('#0000070', 'CT0004', N'Bomber Cityscape', 300000, 270000, N'Chất liệu: Cotton-Poly Material Thành phần: 55% Polyester, 45% Tơ sợi', 44, 'UID18640002', 'PI_000070', '20180403', '20180324'),
('#0000071', 'CT0004', N'Bomber Street Style', 300000, 270000, N'Chất liệu: Cotton Blend Thành phần: 90% Polyester, 10% Tơ sợi', 71, 'UID18640003', 'PI_000071', '20191204', '20191124'),
('#0000072', 'CT0004', N'Bomber Classic Vibes', 300000, 270000, N'Chất liệu: Poly-Cotton Mix Thành phần: 65% Polyester, 35% Tơ sợi', 73, 'UID18640004', 'PI_000072', '20170907', '20170828'),
('#0000073', 'CT0004', N'Bomber Vintage Explorer', 300000, 270000, N'Chất liệu: Cotton-Polyester Fusion Thành phần: 75% Polyester, 25% Tơ sợi', 39, 'UID18640001', 'PI_000073', '20170622', '20170612'),
('#0000074', 'CT0004', N'Bomber Retro Chic', 300000, 270000, N'Chất liệu: Poly-Cotton Blend Thành phần: 55% Polyester, 45% Tơ sợi', 67, 'UID18640002', 'PI_000074', '20170406', '20170327'),
('#0000075', 'CT0004', N'Bomber City Skyline', 300000, 270000, N'Chất liệu: Cotton-Polyester Fusion Thành phần: 60% Polyester, 40% Tơ sợi', 43, 'UID18640003', 'PI_000075', '20220925', '20220915'),
('#0000076', 'CT0004', N'Bomber Urban Graveyard', 300000, 270000, N'Chất liệu: Poly-Cotton Blend Thành phần: 70% Polyester, 30% Tơ sợi', 54, 'UID18640004', 'PI_000076', '20210629', '20210619'),
('#0000077', 'CT0004', N'Bomber Retro Vive', 300000, 270000, N'Chất liệu: Cotton Blend Thành phần: 80% Polyester, 20% Tơ sợi', 73, 'UID18640001', 'PI_000077', '20201016', '20201006'),
('#0000078', 'CT0004', N'Bomber Classic Style', 300000, 270000, N'Cotton-Poly Material Thành phần: 85% Polyester, 15% Tơ sợi', 75, 'UID18640002', 'PI_000078', '20230827', '20230817'),
('#0000079', 'CT0004', N'Bomber Urban Explorer', 300000, 270000, N'Poly-Cotton Fusion Thành phần: 60% Polyester, 40% Tơ sợi', 73, 'UID18640003', 'PI_000079', '20180108', '20171229'),
('#0000080', 'CT0004', N'Bomber Street Fighter X', 300000, 270000, N'Chất liệu: Cotton Polyester Combo Thành phần: 70% Polyester, 30% Tơ sợi', 39, 'UID18640004', 'PI_000080', '20190829', '20190819'),
('#0000081', 'CT0004', N'Bomber City Airforce', 300000, 270000, N'Chất liệu: Cotton-Polyester Blend Thành phần: 75% Polyester, 25% Tơ sợi', 55, 'UID18640001', 'PI_000081', '20170802', '20170723'),
('#0000082', 'CT0004', N'Bomber Vintage Vines', 300000, 270000, N'Chất liệu: Poly-Cotton Material Thành phần: 80% Polyester, 20% Tơ sợi', 50, 'UID18640002', 'PI_000082', '20220203', '20220124'),
('#0000083', 'CT0004', N'Bomber Urban Rising', 300000, 270000, N'Chất liệu: Cotton Blend Thành phần: 70% Polyester, 30% Tơ sợi', 58, 'UID18640003', 'PI_000083', '20180715', '20180705'),
('#0000084', 'CT0004', N'Bomber Urban Chicken', 300000, 270000, N'Chất liệu: Cotton-Polyester Fusion Thành phần: 65% Polyester, 35% Tơ sợi', 49, 'UID18640004', 'PI_000084', '20171024', '20171014'),
('#0000085', 'CT0004', N'Bomber Escaper', 300000, 270000, N'Chất liệu: Poly-Cotton Blend Thành phần: 80% Polyester, 20% Tơ sợi', 82, 'UID18640001', 'PI_000085', '20210322', '20210312'),
('#0000086', 'CT0004', N'Bomber Street Style and Flight', 300000, 270000, N'Chất liệu: Cotton Polyester Combo Thành phần: 50% Polyester, 50% Tơ sợi', 83, 'UID18640002', 'PI_000086', '20200708', '20200628'),
('#0000087', 'CT0004', N'Bomber Classical', 300000, 270000, N'Chất liệu: Poly-Cotton Mix Thành phần: 60% Polyester, 40% Tơ sợi', 107, 'UID18640003', 'PI_000087', '20230630', '20230620'),
('#0000088', 'CT0004', N'Bomber Vintage Fly high', 300000, 270000, N'Chất liệu: Cotton Blend Thành phần: 90% Polyester, 10% Tơ sợi', 67, 'UID18640004', 'PI_000088', '20200904', '20200825'),
('#0000089', 'CT0004', N'Bomber Urban Streetwear', 300000, 270000, N'Chất liệu: Poly-Cotton Mix Thành phần: 65% Polyester, 35% Tơ sợi', 64, 'UID18640003', 'PI_000089', '20190426', '20190416'),
('#0000090', 'CT0004', N'Bomber City Groove', 300000, 270000, N'Chất liệu: Cotton-Polyester Fusion Thành phần: 75% Polyester, 25% Tơ sợi', 71, 'UID18640004', 'PI_000090', '20180420', '20180410'),
('#0000091', 'CT0005', N'Áo khoác Cardigan Black Wild Card', 249000, 229000, N'Chất liệu: Kaki, Jeans Thành phần: 30% Kaki, 70% Jeans', 41, 'UID18640001', 'PI_000091', '20170117', '20170107'),
('#0000092', 'CT0005', N'Áo khoác Cardigan Wild Rugged', 249000, 229000, N'Chất liệu: Cotton, Kaki Thành phần: 20% Cotton, 80% Kaki', 46, 'UID18640002', 'PI_000092', '20210511', '20210501'),
('#0000093', 'CT0005', N'Áo khoác Cardigan Savage Explorer', 249000, 229000, N'Chất liệu: Kaki, Jeans Thành phần: 30% Kaki, 70% Jeans', 37, 'UID18640003', 'PI_000093', '20200429', '20200419'),
('#0000094', 'CT0005', N'Áo khoác Cardigan Untamed Jungle', 249000, 229000, N'Chất liệu: Cotton Blend, Kaki Thành phần: 40% Cotton, 60% Kaki', 92, 'UID18640004', 'PI_000094', '20170712', '20170702'),
('#0000095', 'CT0005', N'Áo khoác Cardigan Jungle Blaze', 249000, 229000, N'Chất liệu: Poly-Cotton Mix, Jeans Thành phần: 50% Poly-Cotton Mix, 50% Jeans', 82, 'UID18640001', 'PI_000095', '20200628', '20200618'),
('#0000096', 'CT0005', N'Áo khoác Cardigan Wildfire Adventure', 249000, 229000, N'Chất liệu: Kaki, Jeans Thành phần: 30% Kaki, 70% Jeans', 50, 'UID18640002', 'PI_000096', '20210831', '20210821'),
('#0000097', 'CT0005', N'Áo khoác Cardigan Wilderness Spirit', 249000, 229000, N'Chất liệu: Cotton, Kaki Thành phần: 20% Cotton, 80% Kaki', 83, 'UID18640003', 'PI_000097', '20220112', '20220102'),
('#0000098', 'CT0005', N'Áo khoác Cardigan Roaming Trek', 249000, 229000, N'Chất liệu: Kaki, Jeans Thành phần: 30% Kaki, 70% Jeans', 41, 'UID18640004', 'PI_000098', '20210915', '20210905'),
('#0000099', 'CT0005', N'Áo khoác Cardigan Rugged Territory', 249000, 229000, N'Chất liệu: Cotton Blend, Kaki Thành phần: 40% Cotton, 60% Kaki', 68, 'UID18640001', 'PI_000099', '20170930', '20170920'),
('#0000100', 'CT0005', N'Áo khoác Cardigan Jungle Discovery', 249000, 229000, N'Chất liệu: Poly-Cotton Mix, Jeans Thành phần: 50% Poly-Cotton Mix, 50% Jeans', 81, 'UID18640002', 'PI_000100', '20220830', '20220820'),
('#0000101', 'CT0005', N'Áo khoác Cardigan Fierce Expedition', 249000, 229000, N'Chất liệu: Kaki, Jeans Thành phần: 30% Kaki, 70% Jeans', 55, 'UID18640003', 'PI_000101', '20200323', '20200313'),
('#0000102', 'CT0005', N'Áo khoác Cardigan Untamed Safari', 249000, 229000, N'Chất liệu: Cotton, Kaki Thành phần: 20% Cotton, 80% Kaki', 82, 'UID18640004', 'PI_000102', '20170606', '20170527'),
('#0000103', 'CT0005', N'Áo khoác Cardigan Savage Descent', 249000, 229000, N'Chất liệu: Kaki, Jeans Thành phần: 30% Kaki, 70% Jeans', 51, 'UID18640001', 'PI_000103', '20190708', '20190628'),
('#0000104', 'CT0005', N'Áo khoác Cardigan Jungle Echo', 249000, 229000, N'Chất liệu: Cotton Blend, Kaki Thành phần: 40% Cotton, 60% Kaki', 39, 'UID18640002', 'PI_000104', '20171010', '20170930'),
('#0000105', 'CT0005', N'Áo khoác Cardigan Wildfire Expedition', 249000, 229000, N'Chất liệu: Poly-Cotton Mix, Jeans Thành phần: 50% Poly-Cotton Mix, 50% Jeans', 106, 'UID18640003', 'PI_000105', '20200525', '20200515'),
('#0000106', 'CT0005', N'Áo khoác Cardigan Rugged Escape', 249000, 229000, N'Chất liệu: Kaki, Jeans Thành phần: 30% Kaki, 70% Jeans', 98, 'UID18640004', 'PI_000106', '20230529', '20230519'),
('#0000107', 'CT0005', N'Áo khoác Cardigan Untamed Roamer', 249000, 229000, N'Chất liệu: Cotton, Kaki Thành phần: 20% Cotton, 80% Kaki', 68, 'UID18640001', 'PI_000107', '20170421', '20170411'),
('#0000108', 'CT0005', N'Áo khoác Cardigan Jungle Trek', 249000, 229000, N'Chất liệu: Kaki, Jeans Thành phần: 30% Kaki, 70% Jeans', 54, 'UID18640002', 'PI_000108', '20190528', '20190518'),
('#0000109', 'CT0005', N'Áo khoác Cardigan Roaming Spirit', 249000, 229000, N'Chất liệu: Cotton Blend, Kaki Thành phần: 40% Cotton, 60% Kaki', 62, 'UID18640003', 'PI_000109', '20221003', '20220923'),
('#0000110', 'CT0005', N'Áo khoác Cardigan Wild Territory', 249000, 229000, N'Chất liệu: Poly-Cotton Mix, Jeans Thành phần: 50% Poly-Cotton Mix, 50% Jeans', 50, 'UID18640004', 'PI_000110', '20181105', '20181026'),
('#0000111', 'CT0005', N'Áo khoác Cardigan Jungle Path', 249000, 229000, N'Chất liệu: Kaki, Jeans Thành phần: 30% Kaki, 70% Jeans', 84, 'UID18640001', 'PI_000111', '20190305', '20190223'),
('#0000112', 'CT0005', N'Áo khoác Cardigan Rugged Adventurer', 249000, 229000, N'Chất liệu: Silk, Jeans, Chiffon Thành phần: 10% Silk, 70% Jeans, 20% Chiffon', 73, 'UID18640002', 'PI_000112', '20221206', '20221126'),
('#0000113', 'CT0005', N'Áo khoác Cardigan Savage Descent', 249000, 229000, N'Chất liệu: Cotton, Jeans Thành phần: 30% Cotton, 70% Jeans', 77, 'UID18640003', 'PI_000113', '20190111', '20190101'),
('#0000114', 'CT0005', N'Áo khoác Cardigan Fierce Expeditionist', 249000, 229000, N'Chất liệu: Kaki, Jeans Thành phần: 30% Kaki, 70% Jeans', 65, 'UID18640004', 'PI_000114', '20220612', '20220602'),
('#0000115', 'CT0005', N'Áo khoác Cardigan Wildfire Trekker', 249000, 229000, N'Chất liệu: Kaki, Jeans Thành phần: 30% Kaki, 70% Jeans', 49, 'UID18640001', 'PI_000115', '20191022', '20191012'),
('#0000116', 'CT0005', N'Áo khoác Cardigan Jungle Roamer', 249000, 229000, N'Chất liệu: Kaki, Jeans Thành phần: 20% Kaki, 80% Jeans', 93, 'UID18640002', 'PI_000116', '20170226', '20170216'),
('#0000117', 'CT0005', N'Áo khoác Cardigan Untamed Voyager', 249000, 229000, N'Chất liệu: Kaki, Jeans Thành phần: 10% Kaki, 90% Jeans', 52, 'UID18640003', 'PI_000117', '20200223', '20200213'),
('#0000118', 'CT0005', N'Áo khoác Cardigan Savage Echo', 249000, 229000, N'Chất liệu: Jeans, Chiffon Thành phần: 10% Chiffon, 90% Jeans', 63, 'UID18640004', 'PI_000118', '20230924', '20230914'),
('#0000119', 'CT0005', N'Áo khoác Cardigan Wilderness Voyager', 249000, 229000, N'Chất liệu: Silk, Jeans Thành phần: 30% Silk, 70% Jeans', 59, 'UID18640002', 'PI_000119', '20191124', '20191114'),
('#0000120', 'CT0005', N'Áo khoác Cardigan Rugged Escapee', 249000, 229000, N'Chất liệu: Kaki, Canvas Thành phần: 20% Kaki, 80% Jeans', 47, 'UID18640003', 'PI_000120', '20211221', '20211211'),
('#0000121', 'CT0005', N'Áo khoác Cardigan Wildfire Trekker', 249000, 229000, N'Chất liệu: Kaki, Denim Thành phần: 30% Kaki, 70% Jeans', 61, 'UID18640004', 'PI_000121', '20200724', '20200714'),
('#0000122', 'CT0006', N'Hoodie Special Wolfenstein edition', 279000, 259000, N'Chất liệu: Cotton, Spandex Thành Phần: 94% COTTON, 6% SPANDEX', 91, 'UID18640002', 'PI_000122', '20190625', '20190620'),
('#0000123', 'CT0006', N'Hoodie Yamete no jutsu', 279000, 259000, N'Chất liệu: Denim, Cotton Thành phần: 90% Cotton, 10% Denim', 80, 'UID18640003', 'PI_000123', '20210707', '20210702'),
('#0000124', 'CT0006', N'Hoodie Urban Warfare', 279000, 259000, N'Chất liệu: Cotton, Spandex Thành Phần: 94% COTTON, 6% SPANDEX', 66, 'UID18640004', 'PI_000124', '20180326', '20180311'),
('#0000125', 'CT0006', N'Hoodie Jungle Camo', 279000, 259000, N'Chất liệu: Cotton Blend, Spandex Thành Phần: 85% COTTON, 15% SPANDEX', 81, 'UID18640003', 'PI_000125', '20170817', '20170802'),
('#0000126', 'CT0006', N'Hoodie Desert Storm', 279000, 259000, N'Chất liệu: Poly-Cotton Fusion, Spandex Thành Phần: 80% COTTON, 20% SPANDEX', 53, 'UID18640004', 'PI_000126', '20180922', '20180907'),
('#0000127', 'CT0006', N'Hoodie Arctic Frost', 279000, 259000, N'Chất liệu: Cotton-Polyester Mix, Spandex Thành Phần: 70% COTTON, 30% SPANDEX', 79, 'UID18640002', 'PI_000127', '20181209', '20181124'),
('#0000128', 'CT0006', N'Hoodie Midnight Ops', 279000, 259000, N'Chất liệu: Spandex, Cotton Thành Phần: 90% COTTON, 10% SPANDEX', 42, 'UID18640003', 'PI_000128', '20221113', '20221029'),
('#0000129', 'CT0006', N'Hoodie Stealth Assassin', 279000, 259000, N'Chất liệu: Cotton, Spandex Blend Thành Phần: 75% COTTON, 25% SPANDEX', 80, 'UID18640004', 'PI_000129', '20201007', '20200922'),
('#0000130', 'CT0006', N'Hoodie Cityscape Recon', 279000, 259000, N'Chất liệu: Spandex Blend, Cotton Thành Phần: 92% COTTON, 8% SPANDEX', 79, 'UID18640002', 'PI_000130', '20210426', '20210411'),
('#0000131', 'CT0006', N'Hoodie Tactical Raid', 279000, 259000, N'Chất liệu: Cotton-Poly Blend, Spandex Thành Phần: 88% COTTON, 12% SPANDEX', 72, 'UID18640003', 'PI_000131', '20190219', '20190204'),
('#0000132', 'CT0006', N'Hoodie Camouflage Hunter', 279000, 259000, N'Chất liệu: Spandex, Cotton Blend Thành Phần: 60% COTTON, 40% SPANDEX', 52, 'UID18640004', 'PI_000132', '20211119', '20211104'),
('#0000133', 'CT0006', N'Hoodie Urban Infiltrator', 279000, 259000, N'Chất liệu: Cotton Blend, Spandex Blend Thành Phần: 82% COTTON, 18% SPANDEX', 49, 'UID18640002', 'PI_000133', '20230806', '20230722'),
('#0000134', 'CT0006', N'Hoodie Covert Operations', 279000, 259000, N'Chất liệu: Spandex Blend, Cotton Blend Thành Phần: 70% COTTON, 30% SPANDEX', 95, 'UID18640002', 'PI_000134', '20180515', '20180430'),
('#0000135', 'CT0006', N'Hoodie Night Vision Elite', 279000, 259000, N'Chất liệu: Cotton-Poly Blend, Spandex Blend Thành Phần: 65% COTTON, 35% SPANDEX', 73, 'UID18640003', 'PI_000135', '20181028', '20181013'),
('#0000136', 'CT0006', N'Hoodie Arctic Recon', 279000, 259000, N'Chất liệu: Spandex Blend, Cotton-Poly Blend Thành Phần: 78% COTTON, 22% SPANDEX', 82, 'UID18640004', 'PI_000136', '20191219', '20191204'),
('#0000137', 'CT0006', N'Hoodie Wilderness Sniper', 279000, 259000, N'Chất liệu: Cotton-Blend, Spandex Blend Thành Phần: 86% COTTON, 14% SPANDEX', 98, 'UID18640003', 'PI_000137', '20171105', '20171021'),
('#0000138', 'CT0006', N'Hoodie Special Forces', 279000, 259000, N'Chất liệu: Spandex Blend, Cotton-Blend Thành Phần: 72% COTTON, 28% SPANDEX', 74, 'UID18640004', 'PI_000138', '20180702', '20180617'),
('#0000139', 'CT0006', N'Hoodie Nightfall Patrol', 279000, 259000, N'Chất liệu: Cotton, Spandex Thành Phần: 94% COTTON, 6% SPANDEX', 40, 'UID18640002', 'PI_000139', '20211020', '20211005'),
('#0000140', 'CT0006', N'Hoodie Shadow Ops', 279000, 259000, N'Chất liệu: Cotton Blend, Spandex Thành Phần: 85% COTTON, 15% SPANDEX', 51, 'UID18640003', 'PI_000140', '20190901', '20190817'),
('#0000141', 'CT0006', N'Hoodie Urban Tracker', 279000, 259000, N'Chất liệu: Poly-Cotton Fusion, Spandex Thành Phần: 80% COTTON, 20% SPANDEX', 53, 'UID18640004', 'PI_000141', '20201210', '20201125'),
('#0000142', 'CT0006', N'Hoodie Midnight Commando', 279000, 259000, N'Chất liệu: Cotton-Polyester Mix, Spandex Thành Phần: 70% COTTON, 30% SPANDEX', 71, 'UID18640002', 'PI_000142', '20230316', '20230301'),
('#0000143', 'CT0006', N'Hoodie Arctic Sentinel', 279000, 259000, N'Chất liệu: Spandex, Cotton Thành Phần: 90% COTTON, 10% SPANDEX', 45, 'UID18640003', 'PI_000143', '20201128', '20201113'),
('#0000144', 'CT0006', N'Hoodie Covert Agent', 279000, 259000, N'Chất liệu: Cotton, Spandex Blend Thành Phần: 75% COTTON, 25% SPANDEX', 64, 'UID18640004', 'PI_000144', '20171230', '20171215'),
('#0000145', 'CT0006', N'Hoodie Stealth Guardian', 279000, 259000, N'Chất liệu: Spandex Blend, Cotton Thành Phần: 92% COTTON, 8% SPANDEX', 64, 'UID18640002', 'PI_000145', '20230701', '20230616'),
('#0000146', 'CT0006', N'Hoodie Desert Scout', 279000, 259000, N'Chất liệu: Cotton-Poly Blend, Spandex Thành Phần: 88% COTTON, 12% SPANDEX', 89, 'UID18640004', 'PI_000146', '20221016', '20221001'),
('#0000147', 'CT0006', N'Hoodie Jungle Ranger', 279000, 259000, N'Chất liệu: Spandex, Cotton Blend Thành Phần: 60% COTTON, 40% SPANDEX', 59, 'UID18640002', 'PI_000147', '20190812', '20190728'),
('#0000148', 'CT0006', N'Hoodie City Explorer', 279000, 259000, N'Chất liệu: Cotton Blend, Spandex Blend Thành Phần: 82% COTTON, 18% SPANDEX', 72, 'UID18640003', 'PI_000148', '20170516', '20170501'),
('#0000149', 'CT0006', N'Hoodie Tactical Operative', 279000, 259000, N'Chất liệu: Spandex Blend, Cotton Blend Thành Phần: 70% COTTON, 30% SPANDEX', 78, 'UID18640004', 'PI_000149', '20210307', '20210220'),
('#0000150', 'CT0006', N'Hoodie Wilderness Striker', 279000, 259000, N'Chất liệu: Cotton-Poly Blend, Spandex Blend Thành Phần: 65% COTTON, 35% SPANDEX', 46, 'UID18640002', 'PI_000150', '20220703', '20220618'),
('#0000151', 'CT0006', N'Hoodie Urban Warfare', 279000, 259000, N'Chất liệu: Spandex Blend, Cotton-Poly Blend Thành Phần: 78% COTTON, 22% SPANDEX', 43, 'UID18640003', 'PI_000151', '20180215', '20180131'),
('#0000152', 'CT0006', N'Hoodie Desert Strike', 279000, 259000, N'Chất liệu: Cotton-Blend, Spandex Blend Thành Phần: 86% COTTON, 14% SPANDEX', 53, 'UID18640004', 'PI_000152', '20170215', '20170131'),
('#0000153', 'CT0007', N'Áo thun đơn giản S1102', 169000, 152000, N'Chất liệu: Cotton Thành phần: 100% Cotton', 48, 'UID18640004', 'PI_000153', '20200110', '20191226'),
('#0000154', 'CT0007', N'Áo thun đơn giản S2102', 169000, 152000, N'Chất liệu: Cotton Thành phần: 100% Cotton', 28, 'UID18640002', 'PI_000154', '20191114', '20191030'),
('#0000155', 'CT0007', N'Áo thun đơn giản S3102', 169000, 152000, N'Chất liệu: Cotton Thành phần: 100% Cotton', 58, 'UID18640003', 'PI_000155', '20191001', '20190916'),
('#0000156', 'CT0007', N'Áo thun đơn giản PREMIUM 01', 219000, 197000, N'Chất liệu: Cotton Thành phần: 100% Cotton Organic Premium', 87, 'UID18640004', 'PI_000156', '20220528', '20220513'),
('#0000157', 'CT0007', N'Áo thun đơn giản PREMIUM 02', 219000, 197000, N'Chất liệu: Cotton Thành phần: 100% Cotton Organic Premium', 42, 'UID18640002', 'PI_000157', '20200826', '20200811'),
('#0000158', 'CT0007', N'Áo thun đơn giản PREMIUM 03', 219000, 197000, N'Chất liệu: Cotton Thành phần: 100% Cotton Organic Premium', 76, 'UID18640002', 'PI_000158', '20230905', '20230821'),
('#0000159', 'CT0007', N'Áo thun đơn giản PREMIUM 04', 219000, 197000, N'Chất liệu: Cotton Thành phần: 100% Cotton Organic Premium', 72, 'UID18640003', 'PI_000159', '20220421', '20220406'),
('#0000160', 'CT0007', N'Áo thun đơn giản PREMIUM 05', 219000, 197000, N'Chất liệu: Cotton Thành phần: 100% Cotton Organic Premium', 67, 'UID18640004', 'PI_000160', '20200616', '20200601'),
('#0000161', 'CT0007', N'Áo thun đơn giản 1988 Ver 01', 189000, 170000, N'Chất liệu: Cotton Thành phần: 100% Cotton Compact', 70, 'UID18640003', 'PI_000161', '20210222', '20210207'),
('#0000162', 'CT0007', N'Áo thun đơn giản 1988 Ver 02', 189000, 170000, N'Chất liệu: Cotton Thành phần: 100% Cotton Compact', 64, 'UID18640004', 'PI_000162', '20230424', '20230409'),
('#0000163', 'CT0007', N'Áo thun đơn giản 1988 Ver 03', 189000, 170000, N'Chất liệu: Cotton Thành phần: 100% Cotton Compact', 75, 'UID18640002', 'PI_000163', '20171211', '20171126'),
('#0000164', 'CT0007', N'Áo thun đơn giản ORIGINAL 21', 169000, 152000, N'Chất liệu: Cotton Thành phần: 100% Cotton Compact', 50, 'UID18640003', 'PI_000164', '20211009', '20210924'),
('#0000165', 'CT0007', N'Áo thun đơn giản ORIGINAL 22', 169000, 152000, N'Chất liệu: Cotton Thành phần: 100% Cotton Compact', 35, 'UID18640004', 'PI_000165', '20170831', '20170816'),
('#0000166', 'CT0007', N'Áo thun đơn giản ORIGINAL 23', 169000, 152000, N'Chất liệu: Cotton Thành phần: 100% Cotton Compact', 68, 'UID18640002', 'PI_000166', '20200302', '20200216'),
('#0000167', 'CT0007', N'Áo thun đơn giản ORIGINAL 24', 169000, 152000, N'Chất liệu: Cotton Thành phần: 100% Cotton Compact', 60, 'UID18640003', 'PI_000167', '20180629', '20180614'),
('#0000168', 'CT0007', N'Áo thun đơn giản DODGE DG01', 239000, 215000, N'Chất liệu: Cotton Thành phần: 100% Cotton Organic Premium', 59, 'UID18640004', 'PI_000168', '20170917', '20170902'),
('#0000169', 'CT0007', N'Áo thun đơn giản DODGE DG02', 239000, 215000, N'Chất liệu: Cotton Thành phần: 100% Cotton Organic Premium', 74, 'UID18640002', 'PI_000169', '20190324', '20190309'),
('#0000170', 'CT0007', N'Áo thun đơn giản DODGE DG03', 239000, 215000, N'Chất liệu: Cotton Thành phần: 100% Cotton Organic Premium', 37, 'UID18640004', 'PI_000170', '20211109', '20211025'),
('#0000171', 'CT0007', N'Áo thun đơn giản DODGE DG04', 239000, 215000, N'Chất liệu: Cotton Thành phần: 100% Cotton Organic Premium', 66, 'UID18640002', 'PI_000171', '20170727', '20170712'),
('#0000172', 'CT0007', N'Áo thun đơn giản DODGE DG05', 239000, 215000, N'Chất liệu: Cotton Thành phần: 100% Cotton Organic Premium', 67, 'UID18640003', 'PI_000172', '20230209', '20230125'),
('#0000173', 'CT0007', N'Áo thun đơn giản DODGE DG06', 239000, 215000, N'Chất liệu: Cotton Thành phần: 100% Cotton Organic Premium', 37, 'UID18640004', 'PI_000173', '20200924', '20200909'),
('#0000174', 'CT0007', N'Áo thun đơn giản Di Sản Ver 01', 169000, 152000, N'Chất liệu: Cotton Thành phần: 100% Cotton', 71, 'UID18640002', 'PI_000174', '20190407', '20190323'),
('#0000175', 'CT0007', N'Áo thun đơn giản Di Sản Ver 02', 169000, 152000, N'Chất liệu: Cotton Thành phần: 100% Cotton', 64, 'UID18640003', 'PI_000175', '20200509', '20200424'),
('#0000176', 'CT0007', N'Áo thun đơn giản Di Sản Ver 03', 169000, 152000, N'Chất liệu: Cotton Thành phần: 100% Cotton', 54, 'UID18640004', 'PI_000176', '20170611', '20170527'),
('#0000177', 'CT0007', N'Áo thun đơn giản COSMOS 01', 179000, 161000, N'Chất liệu: TICI 4C Thành phần: 61% Polyester 33% Cotton 6% Spandex', 84, 'UID18640002', 'PI_000177', '20220217', '20220202'),
('#0000178', 'CT0007', N'Áo thun đơn giản COSMOS 02', 179000, 161000, N'Chất liệu: TICI 4C Thành phần: 61% Polyester 33% Cotton 6% Spandex', 59, 'UID18640003', 'PI_000178', '20220915', '20220831'),
('#0000179', 'CT0007', N'Áo thun đơn giản COSMOS 03', 179000, 161000, N'Chất liệu: TICI 4C Thành phần: 61% Polyester 33% Cotton 6% Spandex', 69, 'UID18640004', 'PI_000179', '20190509', '20190424'),
('#0000180', 'CT0007', N'Áo thun đơn giản COSMOS 04', 179000, 161000, N'Chất liệu: TICI 4C Thành phần: 61% Polyester 33% Cotton 6% Spandex', 52, 'UID18640002', 'PI_000180', '20180620', '20180605'),
('#0000181', 'CT0007', N'Áo thun đơn giản COSMOS 05', 179000, 161000, N'Chất liệu: TICI 4C Thành phần: 61% Polyester 33% Cotton 6% Spandex', 50, 'UID18640003', 'PI_000181', '20171122', '20171107'),
('#0000182', 'CT0007', N'Áo thun đơn giản COSMOS 06', 179000, 161000, N'Chất liệu: TICI 4C Thành phần: 61% Polyester 33% Cotton 6% Spandex', 48, 'UID18640004', 'PI_000182', '20220827', '20220812'),
('#0000183', 'CT0007', N'Áo thun đơn giản COSMOS 07', 179000, 161000, N'Chất liệu: TICI 4C Thành phần: 61% Polyester 33% Cotton 6% Spandex', 69, 'UID18640002', 'PI_000183', '20191029', '20191014'),
('#0000184', 'CT0008', N'Áo thun Thiết Kế Black Widow', 219000, 197000, N'Chất liệu: Kaki, Polyester, Cotton Thành phần: 20% Polyester, 50% Kaki, 30% Cotton', 63, 'UID18640003', 'PI_000184', '20200405', '20200321'),
('#0000185', 'CT0008', N'Áo thun Thiết Kế Hulk', 219000, 197000, N'Chất liệu: Kaki, Polyester, Cotton Thành phần: 20% Polyester, 50% Kaki, 30% Cotton', 56, 'UID18640004', 'PI_000185', '20170703', '20170618'),
('#0000186', 'CT0008', N'Áo thun Thiết Kế Captain America', 219000, 197000, N'Chất liệu: Kaki, Polyester, Cotton Thành phần: 20% Polyester, 50% Kaki, 30% Cotton', 42, 'UID18640002', 'PI_000186', '20230119', '20230104'),
('#0000187', 'CT0008', N'Áo thun Thiết Kế Ironman Mark I', 219000, 197000, N'Chất liệu: Kaki, Polyester, Cotton Thành phần: 20% Polyester, 50% Kaki, 30% Cotton', 43, 'UID18640003', 'PI_000187', '20220228', '20220213'),
('#0000188', 'CT0008', N'Áo thun Thiết Kế Ironman Mark II', 219000, 197000, N'Chất liệu: Kaki, Polyester, Cotton Thành phần: 20% Polyester, 50% Kaki, 30% Cotton', 43, 'UID18640004', 'PI_000188', '20210704', '20210619'),
('#0000189', 'CT0008', N'Áo thun Thiết Kế Ironman Mark III', 219000, 197000, N'Chất liệu: Kaki, Polyester, Cotton Thành phần: 20% Polyester, 50% Kaki, 30% Cotton', 61, 'UID18640003', 'PI_000189', '20190929', '20190914'),
('#0000190', 'CT0008', N'Áo thun Thiết Kế BBUF VER ORIGINAL', 269000, 242000, N'Chất liệu: Cotton Thành phần: 100% Cotton Organic Premium', 75, 'UID18640004', 'PI_000190', '20200810', '20200726'),
('#0000191', 'CT0008', N'Áo thun Thiết Kế BBUF VER 01', 189000, 170000, N'Chất liệu: Cotton Thành phần: 100% Cotton Compact', 96, 'UID18640002', 'PI_000191', '20211028', '20211013'),
('#0000192', 'CT0008', N'Áo thun Thiết Kế BBUF VER 02', 189000, 170000, N'Chất liệu: Cotton Thành phần: 100% Cotton Compact', 44, 'UID18640003', 'PI_000192', '20190203', '20190119'),
('#0000193', 'CT0008', N'Áo thun Thiết Kế BBUF LIMITED EDITION', 459000, 413000, N'Chất liệu: Cotton Thành phần: 100% Cotton Organic Premium SSS', 71, 'UID18640004', 'PI_000193', '20210318', '20210303'),
('#0000194', 'CT0008', N'Áo thun Thiết Kế THE DAYS 01', 189000, 170000, N'Chất liệu: Cotton Thành phần: 100% Cotton Compact', 50, 'UID18640002', 'PI_000194', '20200516', '20200501'),
('#0000195', 'CT0008', N'Áo thun Thiết Kế THE DAYS 02', 189000, 170000, N'Chất liệu: Cotton Thành phần: 100% Cotton Compact', 41, 'UID18640003', 'PI_000195', '20220510', '20220425'),
('#0000196', 'CT0008', N'Áo thun Thiết Kế THE DAYS 03', 189000, 170000, N'Chất liệu: Cotton Thành phần: 100% Cotton Compact', 55, 'UID18640004', 'PI_000196', '20190820', '20190805'),
('#0000197', 'CT0008', N'Áo thun Thiết Kế THE DAYS 04', 189000, 170000, N'Chất liệu: Cotton Thành phần: 100% Cotton Compact', 53, 'UID18640002', 'PI_000197', '20170924', '20170909'),
('#0000198', 'CT0008', N'Áo thun Thiết Kế THE DAYS 05', 189000, 170000, N'Chất liệu: Cotton Thành phần: 100% Cotton Compact', 33, 'UID18640003', 'PI_000198', '20211216', '20211201'),
('#0000199', 'CT0008', N'Áo thun Thiết Kế DBI202 VER 01', 189000, 170000, N'Chất liệu: Cotton Thành phần: 100% Cotton Compact', 69, 'UID18640004', 'PI_000199', '20190615', '20190531'),
('#0000200', 'CT0008', N'Áo thun Thiết Kế DBI202 VER 02', 189000, 170000, N'Chất liệu: Cotton Thành phần: 100% Cotton Compact', 53, 'UID18640002', 'PI_000200', '20181130', '20181115'),
('#0000201', 'CT0008', N'Áo thun Thiết Kế DBI202 VER 03', 189000, 170000, N'Chất liệu: Cotton Thành phần: 100% Cotton Compact', 62, 'UID18640003', 'PI_000201', '20230714', '20230629'),
('#0000202', 'CT0008', N'Áo thun Thiết Kế DBI202 LIMITED EDITION', 459000, 413000, N'Chất liệu: Cotton Thành phần: 100% Cotton Organic Premium SSS', 74, 'UID18640004', 'PI_000202', '20180227', '20180212'),
('#0000203', 'CT0008', N'Áo thun Thiết Kế SPACE S01', 219000, 197000, N'Chất liệu: TICI 4C Thành phần: 61% Polyester 33% Cotton 6% Spandex', 74, 'UID18640003', 'PI_000203', '20170208', '20170124'),
('#0000204', 'CT0008', N'Áo thun Thiết Kế SPACE S02', 219000, 197000, N'Chất liệu: TICI 4C Thành phần: 61% Polyester 33% Cotton 6% Spandex', 21, 'UID18640004', 'PI_000204', '20221121', '20221106'),
('#0000205', 'CT0008', N'Áo thun Thiết Kế SPACE S03', 219000, 197000, N'Chất liệu: TICI 4C Thành phần: 61% Polyester 33% Cotton 6% Spandex', 37, 'UID18640002', 'PI_000205', '20171228', '20171213'),
('#0000206', 'CT0008', N'Áo thun Thiết Kế SPACE S04', 219000, 197000, N'Chất liệu: TICI 4C Thành phần: 61% Polyester 33% Cotton 6% Spandex', 76, 'UID18640003', 'PI_000206', '20201215', '20201130'),
('#0000207', 'CT0008', N'Áo thun Thiết Kế SPACE S05', 219000, 197000, N'Chất liệu: TICI 4C Thành phần: 61% Polyester 33% Cotton 6% Spandex', 70, 'UID18640004', 'PI_000207', '20180414', '20180330'),
('#0000208', 'CT0008', N'Áo thun Thiết Kế VALKYRIE V01', 219000, 197000, N'Chất liệu: TICI 4C Thành phần: 61% Polyester 33% Cotton 6% Spandex', 47, 'UID18640002', 'PI_000208', '20171012', '20170927'),
('#0000209', 'CT0008', N'Áo thun Thiết Kế VALKYRIE V02', 219000, 197000, N'Chất liệu: TICI 4C Thành phần: 61% Polyester 33% Cotton 6% Spandex', 41, 'UID18640003', 'PI_000209', '20230930', '20230915'),
('#0000210', 'CT0008', N'Áo thun Thiết Kế VALKYRIE V03', 219000, 197000, N'Chất liệu: Cotton Thành phần: 100% Cotton Compact', 53, 'UID18640004', 'PI_000210', '20200312', '20200226'),
('#0000211', 'CT0008', N'Áo thun Thiết Kế VALKYRIE LIMITED EDITION', 459000, 413000, N'Chất liệu: Cotton Thành phần: 100% Cotton Organic Premium SSS', 56, 'UID18640002', 'PI_000211', '20210825', '20210810'),
('#0000212', 'CT0008', N'Áo thun Thiết Kế HANABI SPECIAL EDITION', 379000, 341000, N'Chất liệu: Cotton Thành phần: 100% Cotton Organic Premium', 96, 'UID18640003', 'PI_000212', '20180521', '20180506'),
('#0000213', 'CT0008', N'Áo thun Thiết Kế HACHI SPECIAL EDITION', 379000, 341000, N'Chất liệu: Cotton Thành phần: 100% Cotton Organic Premium', 98, 'UID18640004', 'PI_000213', '20211110', '20211026'),
('#0000214', 'CT0008', N'Áo thun Thiết Kế KOKO SPECIAL EDITION', 379000, 341000, N'Chất liệu: Cotton Thành phần: 100% Cotton Organic Premium', 93, 'UID18640002', 'PI_000214', '20190711', '20190626'),
('#0000215', 'CT0009', N'Áo tay dài Sweater: Western Challenger', 149000, 134000, N'Chất liệu: Kaki nhung Thành phần: 100% Polyester', 61, 'UID18640003', 'PI_000215', '20220726', '20220711'),
('#0000216', 'CT0009', N'Elegant Edge Sweater', 219000, 197000, N'Chất liệu: Vải Oxford Thành phần: 90% Cotton, 10% Spandex', 84, 'UID18640004', 'PI_000216', '20220105', '20211221'),
('#0000217', 'CT0009', N'Stylish Comfort Sweater', 219000, 197000, N'Chất liệu: Len dày Thành phần: 60% Len, 40% Polyester', 78, 'UID18640003', 'PI_000217', '20210213', '20210129'),
('#0000218', 'CT0009', N'Luxurious Silk Sweater', 219000, 197000, N'Chất liệu: Lụa tự nhiên Thành phần: 100% Silk', 82, 'UID18640004', 'PI_000218', '20190418', '20190403'),
('#0000219', 'CT0009', N'Denim Classic Sweater', 219000, 197000, N'Chất liệu: Denim Thành phần: 98% Cotton, 2% Elastane', 69, 'UID18640002', 'PI_000219', '20200909', '20200825'),
('#0000220', 'CT0009', N'Linen Breeze Sweater', 219000, 197000, N'Chất liệu: Vải lanh Thành phần: 70% Cotton, 30% Linen', 84, 'UID18640003', 'PI_000220', '20180930', '20180915'),
('#0000221', 'CT0009', N'Cozy Knit Sweater', 239000, 215000, N'Chất liệu: Vải đũi Thành phần: 85% Cotton, 15% Polyester', 68, 'UID18640004', 'PI_000221', '20210615', '20210531'),
('#0000222', 'CT0009', N'Plaid Perfection Sweater', 219000, 197000, N'Chất liệu: Flannel Thành phần: 100% Cotton', 76, 'UID18640002', 'PI_000222', '20180315', '20180228'),
('#0000223', 'CT0009', N'Cashmere Bliss Sweater', 219000, 197000, N'Chất liệu: Cashmere Thành phần: 95% Cashmere, 5% Wool', 86, 'UID18640003', 'PI_000223', '20190328', '20190313'),
('#0000224', 'CT0009', N'Satin Elegance Sweater', 189000, 170000, N'Chất liệu: Satin Thành phần: 80% Silk, 20% Polyester', 53, 'UID18640004', 'PI_000224', '20170626', '20170611'),
('#0000225', 'CT0009', N'Velvet Dreams Sweater', 189000, 170000, N'Chất liệu: Velvet Thành phần: 70% Polyester, 30% Nylon', 65, 'UID18640002', 'PI_000225', '20170828', '20170813'),
('#0000226', 'CT0009', N'Tweed Chic Sweater', 189000, 170000, N'Chất liệu: Tweed Thành phần: 90% Wool, 10% Polyester', 82, 'UID18640003', 'PI_000226', '20200606', '20200522'),
('#0000227', 'CT0009', N'Corduroy Comfort Sweater', 199000, 179000, N'Chất liệu: Corduroy Thành phần: 98% Cotton, 2% Spandex', 85, 'UID18640004', 'PI_000227', '20210905', '20210821'),
('#0000228', 'CT0009', N'Silk Harmony Sweater', 189000, 170000, N'Chất liệu: Silk Blend Thành phần: 60% Silk, 40% Cotton', 94, 'UID18640002', 'PI_000228', '20230325', '20230310'),
('#0000229', 'CT0009', N'Wooly Warmth Sweater', 189000, 170000, N'Chất liệu: Wool Blend Thành phần: 70% Wool, 30% Polyester', 75, 'UID18640003', 'PI_000229', '20220416', '20220401'),
('#0000230', 'CT0009', N'Bamboo Delight Sweater', 189000, 170000, N'Chất liệu: Bamboo Thành phần: 100% Bamboo', 73, 'UID18640004', 'PI_000230', '20180723', '20180706'),
('#0000231', 'CT0009', N'Suede Sensation Sweater', 219000, 197000, N'Chất liệu: Suede Thành phần: 85% Polyester, 15% Spandex', 79, 'UID18640003', 'PI_000231', '20170510', '20170423'),
('#0000232', 'CT0009', N'Fleece Comfort Sweater', 179000, 161000, N'Chất liệu: Fleece Thành phần: 100% Polyester', 82, 'UID18640004', 'PI_000232', '20230624', '20230607'),
('#0000233', 'CT0009', N'Taffeta Touch Sweater', 179000, 161000, N'Chất liệu: Taffeta Thành phần: 60% Nylon, 40% Polyester', 64, 'UID18640002', 'PI_000233', '20181219', '20181202'),
('#0000234', 'CT0009', N'Chiffon Charm Sweater', 179000, 161000, N'Chất liệu: Chiffon Thành phần: 100% Polyester', 76, 'UID18640003', 'PI_000234', '20210407', '20210321'),
('#0000235', 'CT0009', N'Velvet Luxury Sweater', 229000, 206000, N'Chất liệu: Velvet Thành phần: 80% Viscose, 20% Silk', 94, 'UID18640004', 'PI_000235', '20191127', '20191110'),
('#0000236', 'CT0009', N'Houndstooth Hype Sweater', 179000, 161000, N'Chất liệu: Houndstooth Thành phần: 70% Wool, 30% Polyester', 86, 'UID18640002', 'PI_000236', '20201120', '20201103'),
('#0000237', 'CT0009', N'Cambric Comfort Sweater', 179000, 161000, N'Chất liệu: Cambric Thành phần: 100% Cotton', 63, 'UID18640003', 'PI_000237', '20230516', '20230429'),
('#0000238', 'CT0009', N'Poplin Pop Sweater', 179000, 161000, N'Chất liệu: Poplin Thành phần: 60% Cotton, 40% Polyester', 97, 'UID18640004', 'PI_000238', '20210502', '20210415'),
('#0000239', 'CT0009', N'Tencel Tranquility Sweater', 233000, 209600, N'Chất liệu: Tencel Thành phần: 100% Tencel', 67, 'UID18640002', 'PI_000239', '20221005', '20220918'),
('#0000240', 'CT0009', N'Tussah Silk Treasure Sweater', 179000, 161000, N'Chất liệu: Tussah Silk Thành phần: 90% Tussah Silk, 10% Cotton', 70, 'UID18640003', 'PI_000240', '20200717', '20200630'),
('#0000241', 'CT0009', N'Hemp Harmony Sweater', 179000, 161000, N'Chất liệu: Hemp Thành phần: 100% Hemp', 78, 'UID18640004', 'PI_000241', '20191211', '20191124'),
('#0000242', 'CT0009', N'Seersucker Style Sweater', 233000, 209600, N'Chất liệu: Seersucker Thành phần: 70% Cotton, 30% Polyester', 82, 'UID18640002', 'PI_000242', '20230816', '20230730'),
('#0000243', 'CT0009', N'Jacquard Joy Sweater', 179000, 161000, N'Chất liệu: Jacquard Thành phần: 65% Cotton, 35% Polyester', 80, 'UID18640003', 'PI_000243', '20170307', '20170218'),
('#0000244', 'CT0009', N'Rayon Radiance Sweater', 179000, 161000, N'Chất liệu: Rayon Thành phần: 100% Rayon', 62, 'UID18640004', 'PI_000244', '20201003', '20200916'),
('#0000245', 'CT0009', N'Linen Elegance Sweater', 229000, 206000, N'Chất liệu: Linen Blend Thành phần: 60% Linen, 40% Cotton', 80, 'UID18640003', 'PI_000245', '20180818', '20180801'),
('#0000246', 'CT0009', N'Sweater Speed 96', 499000, 449000, N'Chất liệu: Kaki nhung mềm Thành phần: 100% Polyester', 88, 'UID18640004', 'PI_000246', '20170429', '20170412'),
('#0000247', 'CT0010', N'Áo thun Sporty flexer Xanh Đậm', 219000, 197000, N'Chất liệu: Cotton Thành phần: 100% Cotton', 95, 'UID18640002', 'PI_000247', '20190115', '20181229'),
('#0000248', 'CT0010', N'Áo thun thể thao Transcendent', 179000, 161000, N'Chất liệu: Poly, Canvas Thành phần: 20% Polyester, 80 Canvas', 70, 'UID18640003', 'PI_000248', '20221210', '20221123'),
('#0000249', 'CT0010', N'Áo thun Cool Comfort Green Tee 1', 699000, 629000, N'Chất liệu: Canvas và Chiffon Thành phần: 40% Canvas, 60% Chiffon', 63, 'UID18640004', 'PI_000249', '20210327', '20210310'),
('#0000250', 'CT0010', N'Áo thun Dynamic Athletic Tee 2', 249000, 224000, N'Chất liệu: Bamboo và Cotton Thành phần: 30% Bamboo, 70% Cotton', 76, 'UID18640002', 'PI_000250', '20200103', '20191217'),
('#0000251', 'CT0010', N'Áo thun Ultimate Performance Tee 3', 179000, 161000, N'Chất liệu: Chiffon và Polyester Thành phần: 45% Chiffon, 55% Polyester', 71, 'UID18640003', 'PI_000251', '20170718', '20170701'),
('#0000252', 'CT0010', N'Áo thun Fresh Fusion Sporty Top 4', 233000, 209600, N'Chất liệu: Cotton và Bamboo Thành phần: 35% Cotton, 65% Bamboo', 57, 'UID18640004', 'PI_000252', '20190915', '20190829'),
('#0000253', 'CT0010', N'Áo thun FlexFit Pro Sports Tee 5', 179000, 161000, N'Chất liệu: Polyester và Canvas Thành phần: 55% Polyester, 45% Canvas', 57, 'UID18640002', 'PI_000253', '20230419', '20230402'),
('#0000254', 'CT0010', N'Áo thun ActiveBreeze X-Shirt 6', 179000, 161000, N'Chất liệu: Chiffon và Bamboo Thành phần: 25% Chiffon, 75% Bamboo', 101, 'UID18640003', 'PI_000254', '20200422', '20200405'),
('#0000255', 'CT0010', N'Áo thun TurboFlex Sportswear 7', 229000, 206000, N'Chất liệu: Bamboo và Canvas Thành phần: 60% Bamboo, 40% Canvas', 74, 'UID18640004', 'PI_000255', '20220314', '20220225'),
('#0000256', 'CT0010', N'Áo thun Dynamic Impact Tee 8', 321000, 288800, N'Chất liệu: Polyester và Chiffon Thành phần: 70% Polyester, 30% Chiffon', 78, 'UID18640002', 'PI_000256', '20210923', '20210906'),
('#0000257', 'CT0010', N'Áo thun SportyVenture Pro Tee 9', 599000, 539000, N'Chất liệu: Canvas và Cotton Thành phần: 65% Canvas, 35% Cotton', 88, 'UID18640003', 'PI_000257', '20180114', '20171228'),
('#0000258', 'CT0010', N'Áo thun ActiveFlow Performance Top 10', 179000, 161000, N'Chất liệu: Chiffon và Bamboo Thành phần: 50% Chiffon, 50% Bamboo', 65, 'UID18640004', 'PI_000258', '20190803', '20190717'),
('#0000259', 'CT0010', N'Áo thun VelocityX Sports Tee 11', 699000, 629000, N'Chất liệu: Canvas và Bamboo Thành phần: 45% Canvas, 55% Bamboo', 64, 'UID18640003', 'PI_000259', '20171004', '20170917'),
('#0000260', 'CT0010', N'Áo thun FlexPro Elite Athletic Top 12', 179000, 161000, N'Chất liệu: Bamboo và Chiffon Thành phần: 70% Bamboo, 30% Chiffon', 72, 'UID18640004', 'PI_000260', '20191229', '20191212'),
('#0000261', 'CT0010', N'Áo thun PowerVenture Sports Shirt 13', 179000, 161000, N'Chất liệu: Polyester và Cotton Thành phần: 60% Polyester, 40% Cotton', 78, 'UID18640002', 'PI_000261', '20200923', '20200906'),
('#0000262', 'CT0010', N'Áo thun AgileMotion Sporty Tee 14', 399000, 359000, N'Chất liệu: Canvas và Chiffon Thành phần: 30% Canvas, 70% Chiffon', 95, 'UID18640003', 'PI_000262', '20210625', '20210608'),
('#0000263', 'CT0010', N'Áo thun TurboFlex Performance Top 15', 179000, 161000, N'Chất liệu: Bamboo và Cotton Thành phần: 40% Bamboo, 60% Cotton', 103, 'UID18640004', 'PI_000263', '20190525', '20190508'),
('#0000264', 'CT0010', N'Áo thun ProActive Sportswear 16', 199000, 179000, N'Chất liệu: Chiffon và Polyester Thành phần: 35% Chiffon, 65% Polyester', 55, 'UID18640002', 'PI_000264', '20220215', '20220129'),
('#0000265', 'CT0010', N'Áo thun PerformancePlus Green Tee 17', 229000, 206000, N'Chất liệu: Cotton và Bamboo Thành phần: 50% Cotton, 50% Bamboo', 45, 'UID18640003', 'PI_000265', '20220601', '20220515'),
('#0000266', 'CT0010', N'Áo thun SpeedyVenture Athletic Top 18', 499000, 449000, N'Chất liệu: Polyester và Canvas Thành phần: 70% Polyester, 30% Canvas', 83, 'UID18640004', 'PI_000266', '20181006', '20180919'),
('#0000267', 'CT0010', N'Áo thun FlexForce Sports Tee 19', 219000, 197000, N'Chất liệu: Chiffon và Bamboo Thành phần: 25% Chiffon, 75% Bamboo', 44, 'UID18640002', 'PI_000267', '20170327', '20170310'),
('#0000268', 'CT0010', N'Áo thun SuperSport Dynamic Tee 20', 179000, 161000, N'Chất liệu: Bamboo và Canvas Thành phần: 60% Bamboo, 40% Canvas', 82, 'UID18640003', 'PI_000268', '20230226', '20230209'),
('#0000269', 'CT0010', N'Áo thun AeroMotion Athletic Top 21', 769000, 692000, N'Chất liệu: Polyester và Chiffon Thành phần: 45% Polyester, 55% Chiffon', 75, 'UID18640004', 'PI_000269', '20201024', '20201007'),
('#0000270', 'CT0010', N'Áo thun SwiftFlex Sports Performance Tee 22', 499000, 449000, N'Chất liệu: Canvas và Cotton Thành phần: 40% Canvas, 60% Cotton', 95, 'UID18640002', 'PI_000270', '20171113', '20171027'),
('#0000271', 'CT0010', N'Áo thun ActionSport X-Shirt 23', 219000, 197000, N'Chất liệu: Chiffon và Bamboo Thành phần: 50% Chiffon, 50% Bamboo', 80, 'UID18640003', 'PI_000271', '20200330', '20200313'),
('#0000272', 'CT0010', N'Áo thun SportyFlex Pro Performance Top 24', 179000, 161000, N'Chất liệu: Canvas và Bamboo Thành phần: 35% Canvas, 65% Bamboo', 76, 'UID18640004', 'PI_000272', '20181208', '20181121'),
('#0000273', 'CT0010', N'Áo thun HyperDrive Athletic Tee 25', 499000, 449000, N'Chất liệu: Bamboo và Chiffon Thành phần: 70% Bamboo, 30% Chiffon', 65, 'UID18640003', 'PI_000273', '20220503', '20220416'),
('#0000274', 'CT0010', N'Áo thun SportyFlow Dynamic Top 26', 499000, 449000, N'Chất liệu: Polyester và Cotton Thành phần: 55% Polyester, 45% Cotton', 62, 'UID18640004', 'PI_000274', '20200527', '20200510'),
('#0000275', 'CT0010', N'Áo thun EliteSport Performance Tee 27', 219000, 197000, N'Chất liệu: Canvas và Chiffon Thành phần: 30% Canvas, 70% Chiffon', 70, 'UID18640002', 'PI_000275', '20190727', '20190710'),
('#0000276', 'CT0010', N'Áo thun ProVelocity Athletic Top 28', 179000, 161000, N'Chất liệu: Bamboo và Cotton Thành phần: 40% Bamboo, 60% Cotton', 66, 'UID18640003', 'PI_000276', '20170615', '20170529'),
('#0000277', 'CT0010', N'Áo thun EnergyFlex Sports Shirt 29', 219000, 197000, N'Chất liệu: Chiffon và Polyester Thành phần: 45% Chiffon, 55% Polyester', 91, 'UID18640004', 'PI_000277', '20200731', '20200714'),
('#0000278', 'CT0010', N'Áo thun SwiftMotion Sportswear 30', 369000, 332000, N'Chất liệu: Cotton và Bamboo Thành phần: 50% Cotton, 50% Bamboo', 72, 'UID18640004', 'PI_000278', '20211016', '20210929'),
('#0000279', 'CT0001', N'Jogger Joker choker', 299000, 279000, N'Chất liệu: Cotton, Nỉ Thành phần: Cotton 70%, Nỉ 20%', 71, 'UID18640002', 'PI_000279', '20170124', '20170107'),
('#0000280', 'CT0001', N'Jogger Classic Grey', 219000, 199000, N'Chất liệu: Cotton, Spandex Thành phần: 80% Cotton, 20% Spandex - Quần jogger màu xám cổ điển cho phong cách thời trang hàng ngày', 54, 'UID18640003', 'PI_000280', '20201207', '20201120'),
('#0000281', 'CT0001', N'Jogger Urban Explorer', 179000, 159000, N'Chất liệu: Polyester, Nylon Thành phần: 70% Polyester, 30% Nylon - Quần jogger phù hợp với khám phá đô thị', 71, 'UID18640004', 'PI_000281', '20190401', '20190315'),
('#0000282', 'CT0001', N'Jogger Street Style', 699000, 679000, N'Chất liệu: Cotton, Vải jean Thành phần: 90% Cotton, 10% Vải jean - Quần jogger phong cách đường phố cho ngày năng động', 76, 'UID18640002', 'PI_000282', '20220709', '20220622'),
('#0000283', 'CT0001', N'Jogger Techwear Edition', 249000, 229000, N'Chất liệu: Spandex, Polyester Thành phần: 60% Spandex, 40% Polyester - Quần jogger phiên bản techwear cho phong cách hiện đại', 76, 'UID18640003', 'PI_000283', '20180731', '20180714'),
('#0000284', 'CT0001', N'Jogger Sporty Flexer', 179000, 159000, N'Chất liệu: Cotton, Polyester Thành phần: 90% Cotton, 10% Polyester - Quần jogger thể thao cho người thích thể dục', 83, 'UID18640004', 'PI_000284', '20170410', '20170324'),
('#0000285', 'CT0001', N'Jogger Supreme Comfort', 233000, 213000, N'Chất liệu: Spandex, Cotton Thành phần: 70% Spandex, 30% Cotton - Quần jogger siêu thoải mái cho sự thoải mái tối độ', 75, 'UID18640002', 'PI_000285', '20191110', '20191024'),
('#0000286', 'CT0001', N'Jogger Modern Camo', 179000, 159000, N'Chất liệu: Nylon, Cotton Thành phần: 80% Nylon, 20% Cotton - Quần jogger in họa tiết quân đội hiện đại', 80, 'UID18640003', 'PI_000286', '20230307', '20230218'),
('#0000287', 'CT0001', N'Jogger Midnight Black', 179000, 159000, N'Chất liệu: Polyester, Spandex Thành phần: 60% Polyester, 40% Spandex - Quần jogger màu đen lúc nửa đêm cho phong cách tối giản', 74, 'UID18640004', 'PI_000287', '20220329', '20220312'),
('#0000288', 'CT0001', N'Jogger Cityscape', 229000, 209000, N'Chất liệu: Cotton, Canvas Thành phần: 70% Cotton, 30% Canvas - Quần jogger với họa tiết cảnh đô thị', 78, 'UID18640002', 'PI_000288', '20190310', '20190221'),
('#0000289', 'CT0001', N'Jogger Urban Camouflage', 321000, 301000, N'Chất liệu: Nylon, Spandex Thành phần: 80% Nylon, 20% Spandex - Quần jogger với họa tiết ngụy trang đô thị', 72, 'UID18640003', 'PI_000289', '20170810', '20170724'),
('#0000290', 'CT0001', N'Jogger Galaxy Explorer', 599000, 579000, N'Chất liệu: Polyester, Cotton Thành phần: 70% Polyester, 30% Cotton - Quần jogger với họa tiết thiên hà cho tầm nhìn mở rộng', 87, 'UID18640004', 'PI_000290', '20200214', '20200128'),
('#0000291', 'CT0001', N'Jogger High Street Fashion', 179000, 159000, N'Chất liệu: Spandex, Nylon Thành phần: 80% Spandex, 20% Nylon - Quần jogger cho phong cách thời trang đường phố', 77, 'UID18640003', 'PI_000291', '20210718', '20210701'),
('#0000292', 'CT0001', N'Jogger Retro Vibes', 699000, 679000, N'Chất liệu: Cotton, Vải jean Thành phần: 70% Cotton, 30% Vải jean - Quần jogger với cảm hứng hoài niệm', 47, 'UID18640004', 'PI_000292', '20230803', '20230717'),
('#0000293', 'CT0001', N'Jogger Vintage Denim', 179000, 159000, N'Chất liệu: Polyester, Canvas Thành phần: 80% Polyester, 20% Canvas - Quần jogger với họa tiết vải jean cổ điển', 78, 'UID18640002', 'PI_000293', '20201105', '20201019'),
('#0000294', 'CT0001', N'Jogger New Age Comfort', 179000, 159000, N'Chất liệu: Spandex, Nylon Thành phần: 70% Spandex, 30% Nylon - Quần jogger thoải mái với phong cách hiện đại', 76, 'UID18640003', 'PI_000294', '20221227', '20221210'),
('#0000295', 'CT0001', N'Jogger Cyber Tech', 399000, 379000, N'Chất liệu: Nylon, Cotton Thành phần: 80% Nylon, 20% Cotton - Quần jogger với phong cách công nghệ cao', 64, 'UID18640004', 'PI_000295', '20180320', '20180303'),
('#0000296', 'CT0001', N'Jogger Galaxy Explorer', 179000, 159000, N'Chất liệu: Cotton, Spandex Thành phần: 70% Cotton, 30% Spandex - Quần jogger với họa tiết thiên hà cho tầm nhìn mở rộng', 91, 'UID18640002', 'PI_000296', '20220403', '20220317'),
('#0000297', 'CT0001', N'Jogger High Street Fashion', 199000, 179000, N'Chất liệu: Polyester, Nylon Thành phần: 80% Polyester, 20% Nylon - Quần jogger cho phong cách thời trang đường phố', 80, 'UID18640003', 'PI_000297', '20200819', '20200802'),
('#0000298', 'CT0001', N'Jogger Retro Vibes', 229000, 209000, N'Chất liệu: Cotton, Spandex Thành phần: 70% Cotton, 30% Spandex - Quần jogger với cảm hứng hoài niệm', 91, 'UID18640004', 'PI_000298', '20190604', '20190518'),
('#0000299', 'CT0001', N'Jogger Vintage Denim', 499000, 479000, N'Chất liệu: Spandex, Canvas Thành phần: 80% Spandex, 20% Canvas - Quần jogger với họa tiết vải jean cổ điển', 87, 'UID18640002', 'PI_000299', '20210203', '20210117'),
('#0000300', 'CT0001', N'Jogger New Age Comfort', 219000, 199000, N'Chất liệu: Polyester, Cotton Thành phần: 70% Polyester, 30% Cotton - Quần jogger thoải mái với phong cách hiện đại', 104, 'UID18640003', 'PI_000300', '20230501', '20230414'),
('#0000301', 'CT0001', N'Jogger Cyber Tech', 179000, 159000, N'Chất liệu: Cotton, Spandex Thành phần: 80% Cotton, 20% Spandex - Quần jogger với phong cách công nghệ cao', 54, 'UID18640004', 'PI_000301', '20170910', '20170824'),
('#0000302', 'CT0001', N'Jogger Street Smart', 769000, 749000, N'Chất liệu: Spandex, Cotton Thành phần: 80% Spandex, 20% Cotton - Quần jogger cho phong cách thông minh trên đường phố', 59, 'UID18640002', 'PI_000302', '20181018', '20181001'),
('#0000303', 'CT0001', N'Jogger Safari Adventure', 499000, 479000, N'Chất liệu: Nylon, Polyester Thành phần: 70% Nylon, 30% Polyester - Quần jogger cho cuộc phiêu lưu dưới rừng hoang', 76, 'UID18640003', 'PI_000303', '20180205', '20180119'),
('#0000304', 'CT0001', N'Jogger Dark Knight', 219000, 199000, N'Chất liệu: Polyester, Spandex Thành phần: 60% Polyester, 40% Spandex - Quần jogger đen cho người anh hùng trong bóng đêm', 64, 'UID18640004', 'PI_000304', '20190122', '20190105'),
('#0000305', 'CT0001', N'Jogger Ocean Breeze', 179000, 159000, N'Chất liệu: Cotton, Nylon Thành phần: 70% Cotton, 30% Nylon - Quần jogger cho cảm giác biển khơi mát mẻ', 80, 'UID18640003', 'PI_000305', '20180505', '20180418'),
('#0000306', 'CT0001', N'Jogger Retro Gaming', 499000, 479000, N'Chất liệu: Spandex, Polyester Thành phần: 80% Spandex, 20% Polyester - Quần jogger với cảm hứng game hoài niệm', 70, 'UID18640004', 'PI_000306', '20210804', '20210718'),
('#0000307', 'CT0001', N'Jogger Nature Explorer', 499000, 479000, N'Chất liệu: Cotton, Nylon Thành phần: 60% Cotton, 40% Nylon - Quần jogger cho những người yêu thiên nhiên', 57, 'UID18640002', 'PI_000307', '20180426', '20180409'),
('#0000308', 'CT0001', N'Jogger Bohemian Chic', 219000, 199000, N'Chất liệu: Polyester, Cotton Thành phần: 70% Polyester, 30% Cotton - Quần jogger phong cách Bohemian', 72, 'UID18640003', 'PI_000308', '20191013', '20190926'),
('#0000309', 'CT0001', N'Jogger Camo Commander', 179000, 159000, N'Chất liệu: Nylon, Spandex Thành phần: 80% Nylon, 20% Spandex - Quần jogger cho người chỉ huy trong họa tiết ngụy trang', 86, 'UID18640004', 'PI_000309', '20221013', '20220926'),
('#0000310', 'CT0001', N'Jogger Sunset Serenity', 219000, 199000, N'Chất liệu: Cotton, Polyester Thành phần: 60% Cotton, 40% Polyester - Quần jogger cho phong cảnh hoàng hôn thanh bình', 90, 'UID18640004', 'PI_000310', '20170523', '20170506'),
('#0000311', 'CT0001', N'Jogger Jungle Adventure', 369000, 349000, N'Chất liệu: Polyester, Nylon Thành phần: 70% Polyester, 30% Nylon - Quần jogger cho cuộc phiêu lưu trong rừng rậm', 61, 'UID18640003', 'PI_000311', '20200621', '20200604'),
('#0000312', 'CT0011', N'Quần Jean: New Generation Z', 219000, 199000, N'Chất liệu: Jean Cotton Spandex Thành phần: 98% Cotton 2% Spandex', 76, 'UID18640004', 'PI_000312', '20210114', '20201228'),
('#0000313', 'CT0011', N'Quần Jean: Dynamic Denim 1', 179000, 159000, N'Chất liệu: Jean và Canvas Thành phần: 70% Jean, 30% Canvas', 73, 'UID18640002', 'PI_000313', '20221103', '20221017'),
('#0000314', 'CT0011', N'Quần Jean: Modern Classic 2', 699000, 679000, N'Chất liệu: Jean và Chiffon Thành phần: 60% Jean, 40% Chiffon', 77, 'UID18640003', 'PI_000314', '20171214', '20171127'),
('#0000315', 'CT0011', N'Quần Jean: Urban Explorer 3', 249000, 229000, N'Chất liệu: Jean và Vải Nhung Thành phần: 75% Jean, 25% Vải Nhung', 63, 'UID18640004', 'PI_000315', '20210609', '20210523'),
('#0000316', 'CT0011', N'Quần Jean: Street Style 4', 179000, 159000, N'Chất liệu: Jean và Bamboo Thành phần: 80% Jean, 20% Bamboo', 50, 'UID18640002', 'PI_000316', '20180806', '20180720'),
('#0000317', 'CT0011', N'Quần Jean: Casual Comfort 5', 233000, 213000, N'Chất liệu: Jean và Cotton Thành phần: 85% Jean, 15% Cotton', 69, 'UID18640003', 'PI_000317', '20200901', '20200815'),
('#0000318', 'CT0011', N'Quần Jean: Everyday Flex 6', 179000, 159000, N'Chất liệu: Jean và Polyester Thành phần: 90% Jean, 10% Polyester', 68, 'UID18640004', 'PI_000318', '20190224', '20190207'),
('#0000319', 'CT0011', N'Quần Jean: Classic Chic 7', 179000, 159000, N'Chất liệu: Jean và Canvas Thành phần: 70% Jean, 30% Canvas', 81, 'UID18640002', 'PI_000319', '20170221', '20170204'),
('#0000320', 'CT0011', N'Quần Jean: Stylish Comfort 8', 229000, 209000, N'Chất liệu: Jean và Chiffon Thành phần: 60% Jean, 40% Chiffon', 61, 'UID18640003', 'PI_000320', '20181111', '20181025'),
('#0000321', 'CT0011', N'Quần Jean: Vintage Vibe 9', 321000, 301000, N'Chất liệu: Jean và Vải Nhung Thành phần: 75% Jean, 25% Vải Nhung', 94, 'UID18640004', 'PI_000321', '20201030', '20201013'),
('#0000322', 'CT0011', N'Quần Jean: Retro Denim 10', 599000, 579000, N'Chất liệu: Jean và Bamboo Thành phần: 80% Jean, 20% Bamboo', 72, 'UID18640003', 'PI_000322', '20190701', '20190614'),
('#0000323', 'CT0011', N'Quần Jean: Urban Edge 11', 179000, 159000, N'Chất liệu: Jean và Cotton Thành phần: 85% Jean, 15% Cotton', 74, 'UID18640004', 'PI_000323', '20170417', '20170331'),
('#0000324', 'CT0011', N'Quần Jean: Active Lifestyle 12', 699000, 679000, N'Chất liệu: Jean và Polyester Thành phần: 90% Jean, 10% Polyester', 89, 'UID18640002', 'PI_000324', '20211129', '20211112'),
('#0000325', 'CT0011', N'Quần Jean: Street Fashion 13', 179000, 159000, N'Chất liệu: Jean và Canvas Thành phần: 70% Jean, 30% Canvas', 65, 'UID18640003', 'PI_000325', '20181224', '20181207'),
('#0000326', 'CT0011', N'Quần Jean: Modern Elegance 14', 179000, 159000, N'Chất liệu: Jean và Chiffon Thành phần: 60% Jean, 40% Chiffon', 73, 'UID18640004', 'PI_000326', '20170319', '20170302'),
('#0000327', 'CT0011', N'Quần Jean: Retro Revival 15', 399000, 379000, N'Chất liệu: Jean và Vải Nhung Thành phần: 75% Jean, 25% Vải Nhung', 75, 'UID18640002', 'PI_000327', '20220620', '20220603'),
('#0000328', 'CT0011', N'Quần Jean: Dynamic Style 16', 179000, 159000, N'Chất liệu: Jean và Bamboo Thành phần: 80% Jean, 20% Bamboo', 57, 'UID18640003', 'PI_000328', '20200412', '20200326'),
('#0000329', 'CT0011', N'Quần Jean: Trendy Denim 17', 199000, 179000, N'Chất liệu: Jean và Cotton Thành phần: 85% Jean, 15% Cotton', 85, 'UID18640004', 'PI_000329', '20190825', '20190808'),
('#0000330', 'CT0011', N'Quần Jean: Chic Streetwear 18', 229000, 209000, N'Chất liệu: Jean và Polyester Thành phần: 90% Jean, 10% Polyester', 68, 'UID18640002', 'PI_000330', '20230411', '20230325'),
('#0000331', 'CT0011', N'Quần Jean: Vintage Vibes 19', 499000, 479000, N'Chất liệu: Jean và Canvas Thành phần: 70% Jean, 30% Canvas', 99, 'UID18640003', 'PI_000331', '20210530', '20210513'),
('#0000332', 'CT0011', N'Quần Jean: Classic Revival 20', 219000, 199000, N'Chất liệu: Jean và Chiffon Thành phần: 60% Jean, 40% Chiffon', 63, 'UID18640004', 'PI_000332', '20230918', '20230901'),
('#0000333', 'CT0011', N'Quần Jean: Urban Trends 21', 179000, 159000, N'Chất liệu: Jean và Vải Nhung Thành phần: 75% Jean, 25% Vải Nhung', 51, 'UID18640002', 'PI_000333', '20220122', '20220105'),
('#0000334', 'CT0011', N'Quần Jean: Denim Essence 22', 769000, 749000, N'Chất liệu: Jean và Bamboo Thành phần: 80% Jean, 20% Bamboo', 63, 'UID18640003', 'PI_000334', '20180912', '20180826'),
('#0000335', 'CT0011', N'Quần Jean: Contemporary Look 23', 499000, 479000, N'Chất liệu: Jean và Cotton Thành phần: 85% Jean, 15% Cotton', 76, 'UID18640004', 'PI_000335', '20191207', '20191120'),
('#0000336', 'CT0011', N'Quần Jean: Stylish Classic 24', 219000, 199000, N'Chất liệu: Jean và Polyester Thành phần: 90% Jean, 10% Polyester', 77, 'UID18640003', 'PI_000336', '20200128', '20200111'),
('#0000337', 'CT0011', N'Quần Jean: Timeless Fashion 25', 179000, 159000, N'Chất liệu: Jean và Canvas Thành phần: 70% Jean, 30% Canvas', 88, 'UID18640004', 'PI_000337', '20190512', '20190425'),
('#0000338', 'CT0011', N'Quần Jean: Street Smart 26', 499000, 479000, N'Chất liệu: Jean và Chiffon Thành phần: 60% Jean, 40% Chiffon', 55, 'UID18640002', 'PI_000338', '20170129', '20170112'),
('#0000339', 'CT0011', N'Quần Jean: Modern Appeal 27', 499000, 479000, N'Chất liệu: Jean và Vải Nhung Thành phần: 75% Jean, 25% Vải Nhung', 58, 'UID18640003', 'PI_000339', '20200318', '20200301'),
('#0000340', 'CT0011', N'Quần Jean: Retro Chic 28', 219000, 199000, N'Chất liệu: Jean và Bamboo Thành phần: 80% Jean, 20% Bamboo', 63, 'UID18640004', 'PI_000340', '20210421', '20210404'),
('#0000341', 'CT0011', N'Quần Jean: Classic Comfort 29', 179000, 159000, N'Chất liệu: Jean và Cotton Thành phần: 85% Jean, 15% Cotton', 77, 'UID18640004', 'PI_000341', '20221116', '20221030'),
('#0000342', 'CT0011', N'Quần Jean: Vintage Style 30', 219000, 199000, N'Chất liệu: Jean và Polyester Thành phần: 90% Jean, 10% Polyester', 72, 'UID18640003', 'PI_000342', '20210910', '20210824');

INSERT INTO Invoice (Invoice_id, Created_date, Status, Total_money_invoice, Admin_id) VALUES
('InID0001','20230921', N'Đang giao hàng', 44250000, 'UID18640001'),
('InID0002', '20230922', N'Đã nhận hàng', 32500000, 'UID18640002'),
('InID0003', '20230923', N'Đang phê duyệt', 34750000, 'UID18640003'),
('InID0004', '20230924', N'Đang giao hàng', 28750000, 'UID18640004'),
('InID0005', '20230925', N'Đã nhận hàng', 115000000, 'UID18640001'),
('InID0006', '20230926', N'Đang phê duyệt', 172500000, 'UID18640002'),
('InID0007', '20230927', N'Đang giao hàng', 205750000, 'UID18640003'),
('InID0008', '20230928', N'Đã nhận hàng', 265500000, 'UID18640004'),
('InID0009', '20230929', N'Đang phê duyệt', 177000000, 'UID18640001'),
('InID0010', '20230930', N'Đang giao hàng', 148500000, 'UID18640002'),
('InID0011', '20231001', N'Đã nhận hàng', 99000000, 'UID18640003'),
('InID0012', '20231002', N'Đang phê duyệt', 173250000, 'UID18640004'),
('InID0013', '20231003', N'Đang giao hàng', 148500000, 'UID18640001'),
('InID0014', '20231004', N'Đã nhận hàng', 198000000, 'UID18640002'),
('InID0015', '20231005', N'Đang phê duyệt', 150000000, 'UID18640003'),
('InID0016', '20231006', N'Đang giao hàng', 150000000, 'UID18640004'),
('InID0017', '20231007', N'Đã nhận hàng', 250000000, 'UID18640001'),
('InID0018', '20231008', N'Đang phê duyệt', 250000000, 'UID18640002'),
('InID0019', '20231009', N'Đang giao hàng', 250000000, 'UID18640003'),
('InID0020', '20231010', N'Đã nhận hàng', 200000000, 'UID18640004'),
('InID0021', '20231011', N'Đang phê duyệt', 150000000, 'UID18640001'),
('InID0022', '20231012', N'Đang giao hàng', 100000000, 'UID18640002'),
('InID0023', '20231013', N'Đã nhận hàng', 186250000, 'UID18640003'),
('InID0024', '20231014', N'Đang phê duyệt', 149000000, 'UID18640004'),
('InID0025', '20231015', N'Đang giao hàng', 111750000, 'UID18640001'),
('InID0026', '20231016', N'Đã nhận hàng', 186250000, 'UID18640002'),
('InID0027', '20231017', N'Đang phê duyệt', 149000000, 'UID18640003'),
('InID0028', '20231018', N'Đang giao hàng', 149000000, 'UID18640004'),
('InID0029', '20231019', N'Đã nhận hàng', 111750000, 'UID18640001'),
('InID0030', '20231020', N'Đang phê duyệt', 111750000, 'UID18640002'),
('InID0031', '20220120', N'Đã nhận hàng', 179000000, 'UID18640003'),
('InID0032', '20191212', N'Đã nhận hàng', 268500000, 'UID18640004'),
('InID0033', '20180101', N'Đã nhận hàng', 223750000, 'UID18640001'),
('InID0034', '20210912', N'Đã nhận hàng', 134250000, 'UID18640002'),
('InID0035', '20210820', N'Đã nhận hàng', 313250000, 'UID18640003'),
('InID0036', '20221013', N'Đã nhận hàng', 179000000, 'UID18640004'),
('InID0037', '20221112', N'Đã nhận hàng', 89500000, 'UID18640003'),
('InID0038', '20191201', N'Đã nhận hàng', 141000000, 'UID18640004'),
('InID0039', '20220112', N'Đã nhận hàng', 143500000, 'UID18640004'),
('InID0040', '20230104', N'Đã nhận hàng', 190750000, 'UID18640001'),
('InID0041', '20190114', N'Đã nhận hàng', 259500000, 'UID18640002'),
('InID0042', '20200405', N'Đã nhận hàng', 622750000, 'UID18640003'),
('InID0043', '20210606', N'Đã nhận hàng', 537000000, 'UID18640004'),
('InID0044', '20220408', N'Đã nhận hàng', 729750000, 'UID18640003'),
('InID0045', '20230801', N'Đã nhận hàng', 151750000, 'UID18640004'),
('InID0046', '20181209', N'Đã nhận hàng', 1117900000, 'UID18640004'),
('InID0047', '20201219', N'Đã nhận hàng', 495250000, 'UID18640001'),
('InID0048', '20171209', N'Đã nhận hàng', 1268000000, 'UID18640002'),
('InID0049', '20220202', N'Đã nhận hàng', 495250000, 'UID18640003'),
('InID0050', '20231018', N'Đang phê duyệt', 869500000, 'UID18640004'),
('InID0051', '20231015', N'Đang giao hàng', 448500000, 'UID18640003'),
('InID0052', '20231021', N'Đang phê duyệt', 328250000, 'UID18640004');

INSERT INTO ProductSize (ProSize_id, Pro_id, Size, Stock_quantity) VALUES
('PS000001', '#0000001', 'L', 31),
('PS000002', '#0000001', 'XL', 47),
('PS000003', '#0000001', 'XXL', 47),
('PS000004', '#0000002', 'L', 33),
('PS000005', '#0000002', 'XL', 32),
('PS000006', '#0000002', 'XXL', 41),
('PS000007', '#0000003', 'L', 32),
('PS000008', '#0000003', 'XL', 49),
('PS000009', '#0000003', 'XXL', 37),
('PS000010', '#0000004', 'L', 34),
('PS000011', '#0000004', 'XL', 43),
('PS000012', '#0000004', 'XXL', 47),
('PS000013', '#0000005', 'L', 38),
('PS000014', '#0000005', 'XL', 26),
('PS000015', '#0000005', 'XXL', 41),
('PS000016', '#0000006', 'L', 48),
('PS000017', '#0000006', 'XL', 47),
('PS000018', '#0000006', 'XXL', 46),
('PS000019', '#0000007', 'L', 50),
('PS000020', '#0000007', 'XL', 27),
('PS000021', '#0000007', 'XXL', 42),
('PS000022', '#0000008', 'L', 25),
('PS000023', '#0000008', 'XL', 49),
('PS000024', '#0000008', 'XXL', 33),
('PS000025', '#0000009', 'L', 33),
('PS000026', '#0000009', 'XL', 29),
('PS000027', '#0000009', 'XXL', 41),
('PS000028', '#0000010', 'L', 50),
('PS000029', '#0000010', 'XL', 26),
('PS000030', '#0000010', 'XXL', 34),
('PS000031', '#0000011', 'L', 40),
('PS000032', '#0000011', 'XL', 49),
('PS000033', '#0000011', 'XXL', 31),
('PS000034', '#0000012', 'L', 45),
('PS000035', '#0000012', 'XL', 37),
('PS000036', '#0000012', 'XXL', 33),
('PS000037', '#0000013', 'L', 46),
('PS000038', '#0000013', 'XL', 49),
('PS000039', '#0000013', 'XXL', 43),
('PS000040', '#0000014', 'L', 49),
('PS000041', '#0000014', 'XL', 47),
('PS000042', '#0000014', 'XXL', 47),
('PS000043', '#0000015', 'L', 32),
('PS000044', '#0000015', 'XL', 30),
('PS000045', '#0000015', 'XXL', 30),
('PS000046', '#0000016', 'L', 27),
('PS000047', '#0000016', 'XL', 33),
('PS000048', '#0000016', 'XXL', 38),
('PS000049', '#0000017', 'L', 26),
('PS000050', '#0000017', 'XL', 25),
('PS000051', '#0000017', 'XXL', 42),
('PS000052', '#0000018', 'L', 25),
('PS000053', '#0000018', 'XL', 38),
('PS000054', '#0000018', 'XXL', 43),
('PS000055', '#0000019', 'L', 45),
('PS000056', '#0000019', 'XL', 30),
('PS000057', '#0000019', 'XXL', 36),
('PS000058', '#0000020', 'L', 37),
('PS000059', '#0000020', 'XL', 37),
('PS000060', '#0000020', 'XXL', 30),
('PS000061', '#0000021', 'L', 33),
('PS000062', '#0000021', 'XL', 28),
('PS000063', '#0000021', 'XXL', 42),
('PS000064', '#0000022', 'L', 31),
('PS000065', '#0000022', 'XL', 26),
('PS000066', '#0000022', 'XXL', 26),
('PS000067', '#0000023', 'L', 33),
('PS000068', '#0000023', 'XL', 49),
('PS000069', '#0000023', 'XXL', 28),
('PS000070', '#0000024', 'L', 47),
('PS000071', '#0000024', 'XL', 41),
('PS000072', '#0000024', 'XXL', 38),
('PS000073', '#0000025', 'L', 32),
('PS000074', '#0000025', 'XL', 46),
('PS000075', '#0000025', 'XXL', 35),
('PS000076', '#0000026', 'L', 50),
('PS000077', '#0000026', 'XL', 43),
('PS000078', '#0000026', 'XXL', 30),
('PS000079', '#0000027', 'L', 30),
('PS000080', '#0000027', 'XL', 46),
('PS000081', '#0000027', 'XXL', 25),
('PS000082', '#0000028', 'L', 39),
('PS000083', '#0000028', 'XL', 27),
('PS000084', '#0000028', 'XXL', 43),
('PS000085', '#0000029', 'L', 46),
('PS000086', '#0000029', 'XL', 44),
('PS000087', '#0000029', 'XXL', 32),
('PS000088', '#0000030', 'L', 35),
('PS000089', '#0000030', 'XL', 37),
('PS000090', '#0000030', 'XXL', 43),
('PS000091', '#0000031', 'L', 26),
('PS000092', '#0000031', 'XL', 49),
('PS000093', '#0000031', 'XXL', 28),
('PS000094', '#0000032', 'L', 36),
('PS000095', '#0000032', 'XL', 30),
('PS000096', '#0000032', 'XXL', 43),
('PS000097', '#0000033', 'L', 41),
('PS000098', '#0000033', 'XL', 44),
('PS000099', '#0000033', 'XXL', 30),
('PS000100', '#0000034', 'L', 46),
('PS000101', '#0000034', 'XL', 37),
('PS000102', '#0000034', 'XXL', 45),
('PS000103', '#0000035', 'L', 28),
('PS000104', '#0000035', 'XL', 42),
('PS000105', '#0000035', 'XXL', 49),
('PS000106', '#0000036', 'L', 26),
('PS000107', '#0000036', 'XL', 28),
('PS000108', '#0000036', 'XXL', 37),
('PS000109', '#0000037', 'L', 39),
('PS000110', '#0000037', 'XL', 44),
('PS000111', '#0000037', 'XXL', 43),
('PS000112', '#0000038', 'L', 32),
('PS000113', '#0000038', 'XL', 46),
('PS000114', '#0000038', 'XXL', 39),
('PS000115', '#0000039', 'L', 38),
('PS000116', '#0000039', 'XL', 46),
('PS000117', '#0000039', 'XXL', 34),
('PS000118', '#0000040', 'L', 39),
('PS000119', '#0000040', 'XL', 44),
('PS000120', '#0000040', 'XXL', 48),
('PS000121', '#0000041', 'L', 29),
('PS000122', '#0000041', 'XL', 47),
('PS000123', '#0000041', 'XXL', 31),
('PS000124', '#0000042', 'L', 41),
('PS000125', '#0000042', 'XL', 46),
('PS000126', '#0000042', 'XXL', 31),
('PS000127', '#0000043', 'L', 49),
('PS000128', '#0000043', 'XL', 42),
('PS000129', '#0000043', 'XXL', 50),
('PS000130', '#0000044', 'L', 30),
('PS000131', '#0000044', 'XL', 35),
('PS000132', '#0000044', 'XXL', 45),
('PS000133', '#0000045', 'L', 46),
('PS000134', '#0000045', 'XL', 33),
('PS000135', '#0000045', 'XXL', 36),
('PS000136', '#0000046', 'L', 32),
('PS000137', '#0000046', 'XL', 29),
('PS000138', '#0000046', 'XXL', 25),
('PS000139', '#0000047', 'L', 50),
('PS000140', '#0000047', 'XL', 40),
('PS000141', '#0000047', 'XXL', 38),
('PS000142', '#0000048', 'L', 45),
('PS000143', '#0000048', 'XL', 39),
('PS000144', '#0000048', 'XXL', 46),
('PS000145', '#0000049', 'L', 41),
('PS000146', '#0000049', 'XL', 39),
('PS000147', '#0000049', 'XXL', 40),
('PS000148', '#0000050', 'L', 43),
('PS000149', '#0000050', 'XL', 42),
('PS000150', '#0000050', 'XXL', 43),
('PS000151', '#0000051', 'L', 49),
('PS000152', '#0000051', 'XL', 46),
('PS000153', '#0000051', 'XXL', 26),
('PS000154', '#0000052', 'L', 44),
('PS000155', '#0000052', 'XL', 30),
('PS000156', '#0000052', 'XXL', 29),
('PS000157', '#0000053', 'L', 40),
('PS000158', '#0000053', 'XL', 50),
('PS000159', '#0000053', 'XXL', 34),
('PS000160', '#0000054', 'L', 40),
('PS000161', '#0000054', 'XL', 29),
('PS000162', '#0000054', 'XXL', 50),
('PS000163', '#0000055', 'L', 38),
('PS000164', '#0000055', 'XL', 33),
('PS000165', '#0000055', 'XXL', 32),
('PS000166', '#0000056', 'L', 41),
('PS000167', '#0000056', 'XL', 38),
('PS000168', '#0000056', 'XXL', 37),
('PS000169', '#0000057', 'L', 46),
('PS000170', '#0000057', 'XL', 36),
('PS000171', '#0000057', 'XXL', 49),
('PS000172', '#0000058', 'L', 25),
('PS000173', '#0000058', 'XL', 43),
('PS000174', '#0000058', 'XXL', 25),
('PS000175', '#0000059', 'L', 43),
('PS000176', '#0000059', 'XL', 46),
('PS000177', '#0000059', 'XXL', 48),
('PS000178', '#0000060', 'L', 45),
('PS000179', '#0000060', 'XL', 40),
('PS000180', '#0000060', 'XXL', 26),
('PS000181', '#0000061', 'L', 42),
('PS000182', '#0000061', 'XL', 35),
('PS000183', '#0000061', 'XXL', 41),
('PS000184', '#0000062', 'L', 28),
('PS000185', '#0000062', 'XL', 46),
('PS000186', '#0000062', 'XXL', 41),
('PS000187', '#0000063', 'L', 45),
('PS000188', '#0000063', 'XL', 26),
('PS000189', '#0000063', 'XXL', 46),
('PS000190', '#0000064', 'L', 38),
('PS000191', '#0000064', 'XL', 38),
('PS000192', '#0000064', 'XXL', 33),
('PS000193', '#0000065', 'L', 26),
('PS000194', '#0000065', 'XL', 34),
('PS000195', '#0000065', 'XXL', 27),
('PS000196', '#0000066', 'L', 42),
('PS000197', '#0000066', 'XL', 35),
('PS000198', '#0000066', 'XXL', 26),
('PS000199', '#0000067', 'L', 43),
('PS000200', '#0000067', 'XL', 31),
('PS000201', '#0000067', 'XXL', 40),
('PS000202', '#0000068', 'L', 35),
('PS000203', '#0000068', 'XL', 47),
('PS000204', '#0000068', 'XXL', 38),
('PS000205', '#0000069', 'L', 38),
('PS000206', '#0000069', 'XL', 27),
('PS000207', '#0000069', 'XXL', 27),
('PS000208', '#0000070', 'L', 31),
('PS000209', '#0000070', 'XL', 30),
('PS000210', '#0000070', 'XXL', 44),
('PS000211', '#0000071', 'L', 47),
('PS000212', '#0000071', 'XL', 50),
('PS000213', '#0000071', 'XXL', 26),
('PS000214', '#0000072', 'L', 28),
('PS000215', '#0000072', 'XL', 42),
('PS000216', '#0000072', 'XXL', 33),
('PS000217', '#0000073', 'L', 49),
('PS000218', '#0000073', 'XL', 33),
('PS000219', '#0000073', 'XXL', 28),
('PS000220', '#0000074', 'L', 27),
('PS000221', '#0000074', 'XL', 46),
('PS000222', '#0000074', 'XXL', 37),
('PS000223', '#0000075', 'L', 27),
('PS000224', '#0000075', 'XL', 28),
('PS000225', '#0000075', 'XXL', 45),
('PS000226', '#0000076', 'L', 49),
('PS000227', '#0000076', 'XL', 49),
('PS000228', '#0000076', 'XXL', 42),
('PS000229', '#0000077', 'L', 49),
('PS000230', '#0000077', 'XL', 28),
('PS000231', '#0000077', 'XXL', 30),
('PS000232', '#0000078', 'L', 33),
('PS000233', '#0000078', 'XL', 47),
('PS000234', '#0000078', 'XXL', 34),
('PS000235', '#0000079', 'L', 32),
('PS000236', '#0000079', 'XL', 47),
('PS000237', '#0000079', 'XXL', 48),
('PS000238', '#0000080', 'L', 46),
('PS000239', '#0000080', 'XL', 48),
('PS000240', '#0000080', 'XXL', 32),
('PS000241', '#0000081', 'L', 46),
('PS000242', '#0000081', 'XL', 45),
('PS000243', '#0000081', 'XXL', 37),
('PS000244', '#0000082', 'L', 31),
('PS000245', '#0000082', 'XL', 29),
('PS000246', '#0000082', 'XXL', 48),
('PS000247', '#0000083', 'L', 31),
('PS000248', '#0000083', 'XL', 38),
('PS000249', '#0000083', 'XXL', 38),
('PS000250', '#0000084', 'L', 37),
('PS000251', '#0000084', 'XL', 32),
('PS000252', '#0000084', 'XXL', 29),
('PS000253', '#0000085', 'L', 44),
('PS000254', '#0000085', 'XL', 48),
('PS000255', '#0000085', 'XXL', 41),
('PS000256', '#0000086', 'L', 43),
('PS000257', '#0000086', 'XL', 46),
('PS000258', '#0000086', 'XXL', 35),
('PS000259', '#0000087', 'L', 27),
('PS000260', '#0000087', 'XL', 33),
('PS000261', '#0000087', 'XXL', 49),
('PS000262', '#0000088', 'L', 40),
('PS000263', '#0000088', 'XL', 27),
('PS000264', '#0000088', 'XXL', 37),
('PS000265', '#0000089', 'L', 45),
('PS000266', '#0000089', 'XL', 38),
('PS000267', '#0000089', 'XXL', 28),
('PS000268', '#0000090', 'L', 38),
('PS000269', '#0000090', 'XL', 48),
('PS000270', '#0000090', 'XXL', 29),
('PS000271', '#0000091', 'L', 50),
('PS000272', '#0000091', 'XL', 47),
('PS000273', '#0000091', 'XXL', 48),
('PS000274', '#0000092', 'L', 31),
('PS000275', '#0000092', 'XL', 32),
('PS000276', '#0000092', 'XXL', 45),
('PS000277', '#0000093', 'L', 30),
('PS000278', '#0000093', 'XL', 33),
('PS000279', '#0000093', 'XXL', 34),
('PS000280', '#0000094', 'L', 41),
('PS000281', '#0000094', 'XL', 37),
('PS000282', '#0000094', 'XXL', 29),
('PS000283', '#0000095', 'L', 34),
('PS000284', '#0000095', 'XL', 30),
('PS000285', '#0000095', 'XXL', 41),
('PS000286', '#0000096', 'L', 27),
('PS000287', '#0000096', 'XL', 31),
('PS000288', '#0000096', 'XXL', 39),
('PS000289', '#0000097', 'L', 26),
('PS000290', '#0000097', 'XL', 44),
('PS000291', '#0000097', 'XXL', 25),
('PS000292', '#0000098', 'L', 35),
('PS000293', '#0000098', 'XL', 45),
('PS000294', '#0000098', 'XXL', 46),
('PS000295', '#0000099', 'L', 28),
('PS000296', '#0000099', 'XL', 45),
('PS000297', '#0000099', 'XXL', 36),
('PS000298', '#0000100', 'L', 42),
('PS000299', '#0000100', 'XL', 50),
('PS000300', '#0000100', 'XXL', 25),
('PS000301', '#0000101', 'L', 39),
('PS000302', '#0000101', 'XL', 25),
('PS000303', '#0000101', 'XXL', 38),
('PS000304', '#0000102', 'L', 44),
('PS000305', '#0000102', 'XL', 44),
('PS000306', '#0000102', 'XXL', 39),
('PS000307', '#0000103', 'L', 50),
('PS000308', '#0000103', 'XL', 34),
('PS000309', '#0000103', 'XXL', 38),
('PS000310', '#0000104', 'L', 31),
('PS000311', '#0000104', 'XL', 39),
('PS000312', '#0000104', 'XXL', 26),
('PS000313', '#0000105', 'L', 46),
('PS000314', '#0000105', 'XL', 40),
('PS000315', '#0000105', 'XXL', 44),
('PS000316', '#0000106', 'L', 42),
('PS000317', '#0000106', 'XL', 25),
('PS000318', '#0000106', 'XXL', 39),
('PS000319', '#0000107', 'L', 29),
('PS000320', '#0000107', 'XL', 37),
('PS000321', '#0000107', 'XXL', 35),
('PS000322', '#0000108', 'L', 38),
('PS000323', '#0000108', 'XL', 42),
('PS000324', '#0000108', 'XXL', 31),
('PS000325', '#0000109', 'L', 47),
('PS000326', '#0000109', 'XL', 37),
('PS000327', '#0000109', 'XXL', 41),
('PS000328', '#0000110', 'L', 32),
('PS000329', '#0000110', 'XL', 31),
('PS000330', '#0000110', 'XXL', 26),
('PS000331', '#0000111', 'L', 33),
('PS000332', '#0000111', 'XL', 33),
('PS000333', '#0000111', 'XXL', 44),
('PS000334', '#0000112', 'L', 35),
('PS000335', '#0000112', 'XL', 50),
('PS000336', '#0000112', 'XXL', 44),
('PS000337', '#0000113', 'L', 36),
('PS000338', '#0000113', 'XL', 47),
('PS000339', '#0000113', 'XXL', 46),
('PS000340', '#0000114', 'L', 45),
('PS000341', '#0000114', 'XL', 27),
('PS000342', '#0000114', 'XXL', 36),
('PS000343', '#0000115', 'L', 47),
('PS000344', '#0000115', 'XL', 33),
('PS000345', '#0000115', 'XXL', 38),
('PS000346', '#0000116', 'L', 32),
('PS000347', '#0000116', 'XL', 40),
('PS000348', '#0000116', 'XXL', 50),
('PS000349', '#0000117', 'L', 37),
('PS000350', '#0000117', 'XL', 37),
('PS000351', '#0000117', 'XXL', 27),
('PS000352', '#0000118', 'L', 42),
('PS000353', '#0000118', 'XL', 32),
('PS000354', '#0000118', 'XXL', 38),
('PS000355', '#0000119', 'L', 32),
('PS000356', '#0000119', 'XL', 26),
('PS000357', '#0000119', 'XXL', 29),
('PS000358', '#0000120', 'L', 37),
('PS000359', '#0000120', 'XL', 39),
('PS000360', '#0000120', 'XXL', 25),
('PS000361', '#0000121', 'L', 25),
('PS000362', '#0000121', 'XL', 37),
('PS000363', '#0000121', 'XXL', 38),
('PS000364', '#0000122', 'XL', 52),
('PS000365', '#0000122', 'XXL', 55),
('PS000366', '#0000123', 'XL', 36),
('PS000367', '#0000123', 'XXL', 54),
('PS000368', '#0000124', 'XL', 41),
('PS000369', '#0000124', 'XXL', 52),
('PS000370', '#0000125', 'XL', 39),
('PS000371', '#0000125', 'XXL', 52),
('PS000372', '#0000126', 'XL', 50),
('PS000373', '#0000126', 'XXL', 46),
('PS000374', '#0000127', 'XL', 54),
('PS000375', '#0000127', 'XXL', 45),
('PS000376', '#0000128', 'XL', 52),
('PS000377', '#0000128', 'XXL', 46),
('PS000378', '#0000129', 'XL', 36),
('PS000379', '#0000129', 'XXL', 47),
('PS000380', '#0000130', 'XL', 44),
('PS000381', '#0000130', 'XXL', 55),
('PS000382', '#0000131', 'XL', 39),
('PS000383', '#0000131', 'XXL', 44),
('PS000384', '#0000132', 'XL', 54),
('PS000385', '#0000132', 'XXL', 44),
('PS000386', '#0000133', 'XL', 45),
('PS000387', '#0000133', 'XXL', 37),
('PS000388', '#0000134', 'XL', 36),
('PS000389', '#0000134', 'XXL', 35),
('PS000390', '#0000135', 'XL', 50),
('PS000391', '#0000135', 'XXL', 43),
('PS000392', '#0000136', 'XL', 51),
('PS000393', '#0000136', 'XXL', 51),
('PS000394', '#0000137', 'XL', 39),
('PS000395', '#0000137', 'XXL', 35),
('PS000396', '#0000138', 'XL', 50),
('PS000397', '#0000138', 'XXL', 42),
('PS000398', '#0000139', 'XL', 52),
('PS000399', '#0000139', 'XXL', 48),
('PS000400', '#0000140', 'XL', 46),
('PS000401', '#0000140', 'XXL', 50),
('PS000402', '#0000141', 'XL', 48),
('PS000403', '#0000141', 'XXL', 48),
('PS000404', '#0000142', 'XL', 36),
('PS000405', '#0000142', 'XXL', 38),
('PS000406', '#0000143', 'XL', 36),
('PS000407', '#0000143', 'XXL', 42),
('PS000408', '#0000144', 'XL', 50),
('PS000409', '#0000144', 'XXL', 55),
('PS000410', '#0000145', 'XL', 43),
('PS000411', '#0000145', 'XXL', 55),
('PS000412', '#0000146', 'XL', 52),
('PS000413', '#0000146', 'XXL', 54),
('PS000414', '#0000147', 'XL', 41),
('PS000415', '#0000147', 'XXL', 45),
('PS000416', '#0000148', 'XL', 53),
('PS000417', '#0000148', 'XXL', 47),
('PS000418', '#0000149', 'XL', 37),
('PS000419', '#0000149', 'XXL', 42),
('PS000420', '#0000150', 'XL', 46),
('PS000421', '#0000150', 'XXL', 37),
('PS000422', '#0000151', 'XL', 37),
('PS000423', '#0000151', 'XXL', 47),
('PS000424', '#0000152', 'XL', 44),
('PS000425', '#0000152', 'XXL', 37),
('PS000426', '#0000153', 'L', 36),
('PS000427', '#0000153', 'XL', 47),
('PS000428', '#0000153', 'XXL', 47),
('PS000429', '#0000154', 'L', 47),
('PS000430', '#0000154', 'XL', 35),
('PS000431', '#0000154', 'XXL', 50),
('PS000432', '#0000155', 'L', 48),
('PS000433', '#0000155', 'XL', 37),
('PS000434', '#0000155', 'XXL', 46),
('PS000435', '#0000156', 'L', 36),
('PS000436', '#0000156', 'XL', 43),
('PS000437', '#0000156', 'XXL', 26),
('PS000438', '#0000157', 'L', 44),
('PS000439', '#0000157', 'XL', 32),
('PS000440', '#0000157', 'XXL', 43),
('PS000441', '#0000158', 'L', 26),
('PS000442', '#0000158', 'XL', 29),
('PS000443', '#0000158', 'XXL', 48),
('PS000444', '#0000159', 'L', 31),
('PS000445', '#0000159', 'XL', 40),
('PS000446', '#0000159', 'XXL', 41),
('PS000447', '#0000160', 'L', 39),
('PS000448', '#0000160', 'XL', 32),
('PS000449', '#0000160', 'XXL', 27),
('PS000450', '#0000161', 'L', 48),
('PS000451', '#0000161', 'XL', 35),
('PS000452', '#0000161', 'XXL', 44),
('PS000453', '#0000162', 'L', 44),
('PS000454', '#0000162', 'XL', 43),
('PS000455', '#0000162', 'XXL', 27),
('PS000456', '#0000163', 'L', 32),
('PS000457', '#0000163', 'XL', 39),
('PS000458', '#0000163', 'XXL', 30),
('PS000459', '#0000164', 'L', 45),
('PS000460', '#0000164', 'XL', 42),
('PS000461', '#0000164', 'XXL', 30),
('PS000462', '#0000165', 'L', 50),
('PS000463', '#0000165', 'XL', 45),
('PS000464', '#0000165', 'XXL', 26),
('PS000465', '#0000166', 'L', 26),
('PS000466', '#0000166', 'XL', 47),
('PS000467', '#0000166', 'XXL', 25),
('PS000468', '#0000167', 'L', 42),
('PS000469', '#0000167', 'XL', 30),
('PS000470', '#0000167', 'XXL', 42),
('PS000471', '#0000168', 'L', 44),
('PS000472', '#0000168', 'XL', 49),
('PS000473', '#0000168', 'XXL', 37),
('PS000474', '#0000169', 'L', 50),
('PS000475', '#0000169', 'XL', 27),
('PS000476', '#0000169', 'XXL', 47),
('PS000477', '#0000170', 'L', 35),
('PS000478', '#0000170', 'XL', 27),
('PS000479', '#0000170', 'XXL', 43),
('PS000480', '#0000171', 'L', 46),
('PS000481', '#0000171', 'XL', 41),
('PS000482', '#0000171', 'XXL', 40),
('PS000483', '#0000172', 'L', 50),
('PS000484', '#0000172', 'XL', 45),
('PS000485', '#0000172', 'XXL', 31),
('PS000486', '#0000173', 'L', 48),
('PS000487', '#0000173', 'XL', 45),
('PS000488', '#0000173', 'XXL', 49),
('PS000489', '#0000174', 'L', 46),
('PS000490', '#0000174', 'XL', 48),
('PS000491', '#0000174', 'XXL', 37),
('PS000492', '#0000175', 'L', 43),
('PS000493', '#0000175', 'XL', 36),
('PS000494', '#0000175', 'XXL', 33),
('PS000495', '#0000176', 'L', 27),
('PS000496', '#0000176', 'XL', 29),
('PS000497', '#0000176', 'XXL', 50),
('PS000498', '#0000177', 'L', 38),
('PS000499', '#0000177', 'XL', 33),
('PS000500', '#0000177', 'XXL', 41),
('PS000501', '#0000178', 'L', 48),
('PS000502', '#0000178', 'XL', 31),
('PS000503', '#0000178', 'XXL', 38),
('PS000504', '#0000179', 'L', 32),
('PS000505', '#0000179', 'XL', 30),
('PS000506', '#0000179', 'XXL', 36),
('PS000507', '#0000180', 'L', 39),
('PS000508', '#0000180', 'XL', 49),
('PS000509', '#0000180', 'XXL', 44),
('PS000510', '#0000181', 'L', 25),
('PS000511', '#0000181', 'XL', 32),
('PS000512', '#0000181', 'XXL', 46),
('PS000513', '#0000182', 'L', 45),
('PS000514', '#0000182', 'XL', 41),
('PS000515', '#0000182', 'XXL', 26),
('PS000516', '#0000183', 'L', 37),
('PS000517', '#0000183', 'XL', 40),
('PS000518', '#0000183', 'XXL', 25),
('PS000519', '#0000184', 'L', 29),
('PS000520', '#0000184', 'XL', 49),
('PS000521', '#0000184', 'XXL', 25),
('PS000522', '#0000185', 'L', 39),
('PS000523', '#0000185', 'XL', 50),
('PS000524', '#0000185', 'XXL', 46),
('PS000525', '#0000186', 'L', 47),
('PS000526', '#0000186', 'XL', 30),
('PS000527', '#0000186', 'XXL', 47),
('PS000528', '#0000187', 'L', 43),
('PS000529', '#0000187', 'XL', 35),
('PS000530', '#0000187', 'XXL', 29),
('PS000531', '#0000188', 'L', 39),
('PS000532', '#0000188', 'XL', 39),
('PS000533', '#0000188', 'XXL', 30),
('PS000534', '#0000189', 'L', 41),
('PS000535', '#0000189', 'XL', 37),
('PS000536', '#0000189', 'XXL', 36),
('PS000537', '#0000190', 'L', 50),
('PS000538', '#0000190', 'XL', 46),
('PS000539', '#0000190', 'XXL', 46),
('PS000540', '#0000191', 'L', 25),
('PS000541', '#0000191', 'XL', 44),
('PS000542', '#0000191', 'XXL', 26),
('PS000543', '#0000192', 'L', 27),
('PS000544', '#0000192', 'XL', 44),
('PS000545', '#0000192', 'XXL', 44),
('PS000546', '#0000193', 'L', 34),
('PS000547', '#0000193', 'XL', 29),
('PS000548', '#0000193', 'XXL', 29),
('PS000549', '#0000194', 'L', 41),
('PS000550', '#0000194', 'XL', 49),
('PS000551', '#0000194', 'XXL', 33),
('PS000552', '#0000195', 'L', 49),
('PS000553', '#0000195', 'XL', 49),
('PS000554', '#0000195', 'XXL', 41),
('PS000555', '#0000196', 'L', 31),
('PS000556', '#0000196', 'XL', 28),
('PS000557', '#0000196', 'XXL', 43),
('PS000558', '#0000197', 'L', 39),
('PS000559', '#0000197', 'XL', 48),
('PS000560', '#0000197', 'XXL', 46),
('PS000561', '#0000198', 'L', 32),
('PS000562', '#0000198', 'XL', 36),
('PS000563', '#0000198', 'XXL', 33),
('PS000564', '#0000199', 'L', 37),
('PS000565', '#0000199', 'XL', 27),
('PS000566', '#0000199', 'XXL', 38),
('PS000567', '#0000200', 'L', 41),
('PS000568', '#0000200', 'XL', 40),
('PS000569', '#0000200', 'XXL', 50),
('PS000570', '#0000201', 'L', 32),
('PS000571', '#0000201', 'XL', 49),
('PS000572', '#0000201', 'XXL', 41),
('PS000573', '#0000202', 'L', 30),
('PS000574', '#0000202', 'XL', 29),
('PS000575', '#0000202', 'XXL', 27),
('PS000576', '#0000203', 'L', 49),
('PS000577', '#0000203', 'XL', 25),
('PS000578', '#0000203', 'XXL', 38),
('PS000579', '#0000204', 'L', 48),
('PS000580', '#0000204', 'XL', 26),
('PS000581', '#0000204', 'XXL', 50),
('PS000582', '#0000205', 'L', 48),
('PS000583', '#0000205', 'XL', 41),
('PS000584', '#0000205', 'XXL', 30),
('PS000585', '#0000206', 'L', 42),
('PS000586', '#0000206', 'XL', 50),
('PS000587', '#0000206', 'XXL', 29),
('PS000588', '#0000207', 'L', 39),
('PS000589', '#0000207', 'XL', 48),
('PS000590', '#0000207', 'XXL', 48),
('PS000591', '#0000208', 'L', 32),
('PS000592', '#0000208', 'XL', 38),
('PS000593', '#0000208', 'XXL', 45),
('PS000594', '#0000209', 'L', 29),
('PS000595', '#0000209', 'XL', 41),
('PS000596', '#0000209', 'XXL', 31),
('PS000597', '#0000210', 'L', 41),
('PS000598', '#0000210', 'XL', 28),
('PS000599', '#0000210', 'XXL', 27),
('PS000600', '#0000211', 'L', 41),
('PS000601', '#0000211', 'XL', 47),
('PS000602', '#0000211', 'XXL', 45),
('PS000603', '#0000212', 'L', 49),
('PS000604', '#0000212', 'XL', 29),
('PS000605', '#0000212', 'XXL', 29),
('PS000606', '#0000213', 'L', 43),
('PS000607', '#0000213', 'XL', 27),
('PS000608', '#0000213', 'XXL', 43),
('PS000609', '#0000214', 'L', 49),
('PS000610', '#0000214', 'XL', 44),
('PS000611', '#0000214', 'XXL', 46),
('PS000612', '#0000215', 'L', 28),
('PS000613', '#0000215', 'XL', 34),
('PS000614', '#0000215', 'XXL', 43),
('PS000615', '#0000216', 'L', 50),
('PS000616', '#0000216', 'XL', 49),
('PS000617', '#0000216', 'XXL', 39),
('PS000618', '#0000217', 'L', 42),
('PS000619', '#0000217', 'XL', 50),
('PS000620', '#0000217', 'XXL', 46),
('PS000621', '#0000218', 'L', 48),
('PS000622', '#0000218', 'XL', 46),
('PS000623', '#0000218', 'XXL', 25),
('PS000624', '#0000219', 'L', 28),
('PS000625', '#0000219', 'XL', 26),
('PS000626', '#0000219', 'XXL', 33),
('PS000627', '#0000220', 'L', 43),
('PS000628', '#0000220', 'XL', 37),
('PS000629', '#0000220', 'XXL', 41),
('PS000630', '#0000221', 'L', 27),
('PS000631', '#0000221', 'XL', 32),
('PS000632', '#0000221', 'XXL', 42),
('PS000633', '#0000222', 'L', 26),
('PS000634', '#0000222', 'XL', 29),
('PS000635', '#0000222', 'XXL', 33),
('PS000636', '#0000223', 'L', 42),
('PS000637', '#0000223', 'XL', 26),
('PS000638', '#0000223', 'XXL', 35),
('PS000639', '#0000224', 'L', 40),
('PS000640', '#0000224', 'XL', 29),
('PS000641', '#0000224', 'XXL', 39),
('PS000642', '#0000225', 'L', 31),
('PS000643', '#0000225', 'XL', 39),
('PS000644', '#0000225', 'XXL', 31),
('PS000645', '#0000226', 'L', 33),
('PS000646', '#0000226', 'XL', 46),
('PS000647', '#0000226', 'XXL', 25),
('PS000648', '#0000227', 'L', 48),
('PS000649', '#0000227', 'XL', 41),
('PS000650', '#0000227', 'XXL', 35),
('PS000651', '#0000228', 'L', 27),
('PS000652', '#0000228', 'XL', 38),
('PS000653', '#0000228', 'XXL', 50),
('PS000654', '#0000229', 'L', 48),
('PS000655', '#0000229', 'XL', 26),
('PS000656', '#0000229', 'XXL', 26),
('PS000657', '#0000230', 'L', 32),
('PS000658', '#0000230', 'XL', 38),
('PS000659', '#0000230', 'XXL', 29),
('PS000660', '#0000231', 'L', 46),
('PS000661', '#0000231', 'XL', 32),
('PS000662', '#0000231', 'XXL', 49),
('PS000663', '#0000232', 'L', 38),
('PS000664', '#0000232', 'XL', 48),
('PS000665', '#0000232', 'XXL', 31),
('PS000666', '#0000233', 'L', 39),
('PS000667', '#0000233', 'XL', 46),
('PS000668', '#0000233', 'XXL', 35),
('PS000669', '#0000234', 'L', 25),
('PS000670', '#0000234', 'XL', 48),
('PS000671', '#0000234', 'XXL', 45),
('PS000672', '#0000235', 'L', 42),
('PS000673', '#0000235', 'XL', 39),
('PS000674', '#0000235', 'XXL', 47),
('PS000675', '#0000236', 'L', 30),
('PS000676', '#0000236', 'XL', 34),
('PS000677', '#0000236', 'XXL', 50),
('PS000678', '#0000237', 'L', 45),
('PS000679', '#0000237', 'XL', 49),
('PS000680', '#0000237', 'XXL', 31),
('PS000681', '#0000238', 'L', 38),
('PS000682', '#0000238', 'XL', 46),
('PS000683', '#0000238', 'XXL', 48),
('PS000684', '#0000239', 'L', 40),
('PS000685', '#0000239', 'XL', 39),
('PS000686', '#0000239', 'XXL', 37),
('PS000687', '#0000240', 'L', 38),
('PS000688', '#0000240', 'XL', 40),
('PS000689', '#0000240', 'XXL', 42),
('PS000690', '#0000241', 'L', 35),
('PS000691', '#0000241', 'XL', 43),
('PS000692', '#0000241', 'XXL', 34),
('PS000693', '#0000242', 'L', 30),
('PS000694', '#0000242', 'XL', 44),
('PS000695', '#0000242', 'XXL', 47),
('PS000696', '#0000243', 'L', 32),
('PS000697', '#0000243', 'XL', 30),
('PS000698', '#0000243', 'XXL', 48),
('PS000699', '#0000244', 'L', 39),
('PS000700', '#0000244', 'XL', 28),
('PS000701', '#0000244', 'XXL', 37),
('PS000702', '#0000245', 'L', 33),
('PS000703', '#0000245', 'XL', 50),
('PS000704', '#0000245', 'XXL', 31),
('PS000705', '#0000246', 'L', 48),
('PS000706', '#0000246', 'XL', 25),
('PS000707', '#0000246', 'XXL', 47),
('PS000708', '#0000247', 'L', 33),
('PS000709', '#0000247', 'XL', 30),
('PS000710', '#0000247', 'XXL', 26),
('PS000711', '#0000248', 'L', 33),
('PS000712', '#0000248', 'XL', 44),
('PS000713', '#0000248', 'XXL', 48),
('PS000714', '#0000249', 'L', 39),
('PS000715', '#0000249', 'XL', 50),
('PS000716', '#0000249', 'XXL', 48),
('PS000717', '#0000250', 'L', 50),
('PS000718', '#0000250', 'XL', 32),
('PS000719', '#0000250', 'XXL', 25),
('PS000720', '#0000251', 'L', 30),
('PS000721', '#0000251', 'XL', 30),
('PS000722', '#0000251', 'XXL', 38),
('PS000723', '#0000252', 'L', 41),
('PS000724', '#0000252', 'XL', 31),
('PS000725', '#0000252', 'XXL', 42),
('PS000726', '#0000253', 'L', 47),
('PS000727', '#0000253', 'XL', 50),
('PS000728', '#0000253', 'XXL', 28),
('PS000729', '#0000254', 'L', 46),
('PS000730', '#0000254', 'XL', 28),
('PS000731', '#0000254', 'XXL', 28),
('PS000732', '#0000255', 'L', 27),
('PS000733', '#0000255', 'XL', 48),
('PS000734', '#0000255', 'XXL', 35),
('PS000735', '#0000256', 'L', 27),
('PS000736', '#0000256', 'XL', 41),
('PS000737', '#0000256', 'XXL', 30),
('PS000738', '#0000257', 'L', 37),
('PS000739', '#0000257', 'XL', 40),
('PS000740', '#0000257', 'XXL', 38),
('PS000741', '#0000258', 'L', 26),
('PS000742', '#0000258', 'XL', 48),
('PS000743', '#0000258', 'XXL', 32),
('PS000744', '#0000259', 'L', 26),
('PS000745', '#0000259', 'XL', 29),
('PS000746', '#0000259', 'XXL', 50),
('PS000747', '#0000260', 'L', 37),
('PS000748', '#0000260', 'XL', 31),
('PS000749', '#0000260', 'XXL', 35),
('PS000750', '#0000261', 'L', 41),
('PS000751', '#0000261', 'XL', 38),
('PS000752', '#0000261', 'XXL', 46),
('PS000753', '#0000262', 'L', 27),
('PS000754', '#0000262', 'XL', 39),
('PS000755', '#0000262', 'XXL', 50),
('PS000756', '#0000263', 'L', 47),
('PS000757', '#0000263', 'XL', 26),
('PS000758', '#0000263', 'XXL', 27),
('PS000759', '#0000264', 'L', 35),
('PS000760', '#0000264', 'XL', 34),
('PS000761', '#0000264', 'XXL', 35),
('PS000762', '#0000265', 'L', 49),
('PS000763', '#0000265', 'XL', 35),
('PS000764', '#0000265', 'XXL', 46),
('PS000765', '#0000266', 'L', 49),
('PS000766', '#0000266', 'XL', 33),
('PS000767', '#0000266', 'XXL', 40),
('PS000768', '#0000267', 'L', 49),
('PS000769', '#0000267', 'XL', 40),
('PS000770', '#0000267', 'XXL', 44),
('PS000771', '#0000268', 'L', 38),
('PS000772', '#0000268', 'XL', 50),
('PS000773', '#0000269', 'XXL', 32),
('PS000774', '#0000269', 'L', 43),
('PS000775', '#0000269', 'XL', 44),
('PS000776', '#0000270', 'XXL', 34),
('PS000777', '#0000270', 'L', 34),
('PS000778', '#0000270', 'XL', 39),
('PS000779', '#0000271', 'XXL', 46),
('PS000780', '#0000271', 'L', 32),
('PS000781', '#0000271', 'XL', 50),
('PS000782', '#0000272', 'XXL', 41),
('PS000783', '#0000272', 'L', 28),
('PS000784', '#0000272', 'XL', 42),
('PS000785', '#0000272', 'XXL', 49),
('PS000786', '#0000273', 'L', 33),
('PS000787', '#0000273', 'XL', 42),
('PS000788', '#0000273', 'XXL', 47),
('PS000789', '#0000274', 'L', 45),
('PS000790', '#0000274', 'XL', 50),
('PS000791', '#0000274', 'XXL', 30),
('PS000792', '#0000275', 'L', 36),
('PS000793', '#0000275', 'XL', 26),
('PS000794', '#0000275', 'XXL', 35),
('PS000795', '#0000276', 'L', 29),
('PS000796', '#0000276', 'XL', 41),
('PS000797', '#0000276', 'XXL', 42),
('PS000798', '#0000277', 'L', 34),
('PS000799', '#0000277', 'XL', 36),
('PS000800', '#0000277', 'XXL', 36),
('PS000801', '#0000278', 'L', 49),
('PS000802', '#0000278', 'XL', 33),
('PS000803', '#0000278', 'XXL', 50),
('PS000804', '#0000279', 'L', 49),
('PS000805', '#0000279', 'XL', 32),
('PS000806', '#0000279', 'XXL', 36),
('PS000807', '#0000280', 'L', 32),
('PS000808', '#0000280', 'XL', 32),
('PS000809', '#0000280', 'XXL', 29),
('PS000810', '#0000281', 'L', 33),
('PS000811', '#0000281', 'XL', 43),
('PS000812', '#0000281', 'XXL', 32),
('PS000813', '#0000282', 'L', 34),
('PS000814', '#0000282', 'XL', 42),
('PS000815', '#0000282', 'XXL', 39),
('PS000816', '#0000283', 'L', 28),
('PS000817', '#0000283', 'XL', 48),
('PS000818', '#0000283', 'XXL', 43),
('PS000819', '#0000284', 'L', 27),
('PS000820', '#0000284', 'XL', 45),
('PS000821', '#0000284', 'XXL', 26),
('PS000822', '#0000285', 'L', 37),
('PS000823', '#0000285', 'XL', 42),
('PS000824', '#0000285', 'XXL', 29),
('PS000825', '#0000286', 'L', 42),
('PS000826', '#0000286', 'XL', 39),
('PS000827', '#0000286', 'XXL', 31),
('PS000828', '#0000287', 'L', 49),
('PS000829', '#0000287', 'XL', 29),
('PS000830', '#0000287', 'XXL', 40),
('PS000831', '#0000288', 'L', 36),
('PS000832', '#0000288', 'XL', 41),
('PS000833', '#0000288', 'XXL', 50),
('PS000834', '#0000289', 'L', 37),
('PS000835', '#0000289', 'XL', 37),
('PS000836', '#0000289', 'XXL', 26),
('PS000837', '#0000290', 'L', 32),
('PS000838', '#0000290', 'XL', 32),
('PS000839', '#0000290', 'XXL', 48),
('PS000840', '#0000291', 'L', 49),
('PS000841', '#0000291', 'XL', 44),
('PS000842', '#0000291', 'XXL', 45),
('PS000843', '#0000292', 'L', 28),
('PS000844', '#0000292', 'XL', 34),
('PS000845', '#0000292', 'XXL', 33),
('PS000846', '#0000293', 'L', 32),
('PS000847', '#0000293', 'XL', 30),
('PS000848', '#0000293', 'XXL', 49),
('PS000849', '#0000294', 'L', 27),
('PS000850', '#0000294', 'XL', 29),
('PS000851', '#0000294', 'XXL', 44),
('PS000852', '#0000295', 'L', 39),
('PS000853', '#0000295', 'XL', 34),
('PS000854', '#0000295', 'XXL', 46),
('PS000855', '#0000296', 'L', 33),
('PS000856', '#0000296', 'XL', 27),
('PS000857', '#0000296', 'XXL', 49),
('PS000858', '#0000297', 'L', 31),
('PS000859', '#0000297', 'XL', 42),
('PS000860', '#0000297', 'XXL', 29),
('PS000861', '#0000298', 'L', 36),
('PS000862', '#0000298', 'XL', 40),
('PS000863', '#0000298', 'XXL', 25),
('PS000864', '#0000299', 'L', 40),
('PS000865', '#0000299', 'XL', 30),
('PS000866', '#0000299', 'XXL', 31),
('PS000867', '#0000300', 'L', 32),
('PS000868', '#0000300', 'XL', 39),
('PS000869', '#0000300', 'XXL', 40),
('PS000870', '#0000301', 'L', 43),
('PS000871', '#0000301', 'XL', 29),
('PS000872', '#0000301', 'XXL', 34),
('PS000873', '#0000302', 'L', 44),
('PS000874', '#0000302', 'XL', 44),
('PS000875', '#0000302', 'XXL', 47),
('PS000876', '#0000303', 'L', 44),
('PS000877', '#0000303', 'XL', 44),
('PS000878', '#0000303', 'XXL', 31),
('PS000879', '#0000304', 'L', 32),
('PS000880', '#0000304', 'XL', 38),
('PS000881', '#0000304', 'XXL', 36),
('PS000882', '#0000305', 'L', 26),
('PS000883', '#0000305', 'XL', 29),
('PS000884', '#0000305', 'XXL', 41),
('PS000885', '#0000306', 'L', 45),
('PS000886', '#0000306', 'XL', 40),
('PS000887', '#0000306', 'XXL', 27),
('PS000888', '#0000307', 'L', 47),
('PS000889', '#0000307', 'XL', 35),
('PS000890', '#0000307', 'XXL', 33),
('PS000891', '#0000308', 'L', 36),
('PS000892', '#0000308', 'XL', 46),
('PS000893', '#0000308', 'XXL', 31),
('PS000894', '#0000309', 'L', 44),
('PS000895', '#0000309', 'XL', 43),
('PS000896', '#0000309', 'XXL', 35),
('PS000897', '#0000310', 'L', 36),
('PS000898', '#0000310', 'XL', 40),
('PS000899', '#0000310', 'XXL', 43),
('PS000900', '#0000311', 'L', 31),
('PS000901', '#0000311', 'XL', 32),
('PS000902', '#0000311', 'XXL', 42),
('PS000903', '#0000312', 'L', 41),
('PS000904', '#0000312', 'XL', 27),
('PS000905', '#0000312', 'XXL', 47),
('PS000906', '#0000313', 'L', 40),
('PS000907', '#0000313', 'XL', 31),
('PS000908', '#0000313', 'XXL', 42),
('PS000909', '#0000314', 'L', 43),
('PS000910', '#0000314', 'XL', 42),
('PS000911', '#0000314', 'XXL', 34),
('PS000912', '#0000315', 'L', 46),
('PS000913', '#0000315', 'XL', 38),
('PS000914', '#0000315', 'XXL', 45),
('PS000915', '#0000316', 'L', 36),
('PS000916', '#0000316', 'XL', 29),
('PS000917', '#0000316', 'XXL', 47),
('PS000918', '#0000317', 'L', 49),
('PS000919', '#0000317', 'XL', 27),
('PS000920', '#0000317', 'XXL', 26),
('PS000921', '#0000318', 'L', 32),
('PS000922', '#0000318', 'XL', 49),
('PS000923', '#0000318', 'XXL', 27),
('PS000924', '#0000319', 'L', 40),
('PS000925', '#0000319', 'XL', 42),
('PS000926', '#0000319', 'XXL', 42),
('PS000927', '#0000320', 'L', 39),
('PS000928', '#0000320', 'XL', 26),
('PS000929', '#0000320', 'XXL', 26),
('PS000930', '#0000321', 'L', 44),
('PS000931', '#0000321', 'XL', 31),
('PS000932', '#0000321', 'XXL', 43),
('PS000933', '#0000322', 'L', 26),
('PS000934', '#0000322', 'XL', 28),
('PS000935', '#0000322', 'XXL', 38),
('PS000936', '#0000323', 'L', 25),
('PS000937', '#0000323', 'XL', 37),
('PS000938', '#0000323', 'XXL', 48),
('PS000939', '#0000324', 'L', 47),
('PS000940', '#0000324', 'XL', 49),
('PS000941', '#0000324', 'XXL', 27),
('PS000942', '#0000325', 'L', 45),
('PS000943', '#0000325', 'XL', 48),
('PS000944', '#0000325', 'XXL', 31),
('PS000945', '#0000326', 'L', 46),
('PS000946', '#0000326', 'XL', 35),
('PS000947', '#0000326', 'XXL', 33),
('PS000948', '#0000327', 'L', 36),
('PS000949', '#0000327', 'XL', 37),
('PS000950', '#0000327', 'XXL', 37),
('PS000951', '#0000328', 'L', 26),
('PS000952', '#0000328', 'XL', 30),
('PS000953', '#0000328', 'XXL', 26),
('PS000954', '#0000329', 'L', 32),
('PS000955', '#0000329', 'XL', 49),
('PS000956', '#0000329', 'XXL', 49),
('PS000957', '#0000330', 'L', 37),
('PS000958', '#0000330', 'XL', 46),
('PS000959', '#0000330', 'XXL', 31),
('PS000960', '#0000331', 'L', 38),
('PS000961', '#0000331', 'XL', 33),
('PS000962', '#0000331', 'XXL', 26),
('PS000963', '#0000332', 'L', 36),
('PS000964', '#0000332', 'XL', 26),
('PS000965', '#0000332', 'XXL', 35),
('PS000966', '#0000333', 'L', 41),
('PS000967', '#0000333', 'XL', 36),
('PS000968', '#0000333', 'XXL', 39),
('PS000969', '#0000334', 'L', 37),
('PS000970', '#0000334', 'XL', 29),
('PS000971', '#0000334', 'XXL', 25),
('PS000972', '#0000335', 'L', 37),
('PS000973', '#0000335', 'XL', 29),
('PS000974', '#0000335', 'XXL', 39),
('PS000975', '#0000336', 'L', 38),
('PS000976', '#0000336', 'XL', 40),
('PS000977', '#0000336', 'XXL', 30),
('PS000978', '#0000337', 'L', 38),
('PS000979', '#0000337', 'XL', 31),
('PS000980', '#0000337', 'XXL', 39),
('PS000981', '#0000338', 'L', 33),
('PS000982', '#0000338', 'XL', 48),
('PS000983', '#0000338', 'XXL', 42),
('PS000984', '#0000339', 'L', 50),
('PS000985', '#0000339', 'XL', 40),
('PS000986', '#0000339', 'XXL', 33),
('PS000987', '#0000340', 'L', 31),
('PS000988', '#0000340', 'XL', 50),
('PS000989', '#0000340', 'XXL', 28),
('PS000990', '#0000341', 'L', 35),
('PS000991', '#0000341', 'XL', 44),
('PS000992', '#0000341', 'XXL', 50),
('PS000993', '#0000342', 'L', 48),
('PS000994', '#0000342', 'XL', 48),
('PS000995', '#0000342', 'XXL', 40);

INSERT INTO Feedback (Feedback_id, Pro_id, User_id, Subject_name, Content, Comment_date) VALUES 
('FB000001', '#0000001', 'UID18640001', N'Chất lượng sản phẩm', N'Sản phẩm quá tuyệt vời !!! cảm ơn shop nhiều', '20230124'),
('FB000002', '#0000002', 'UID18640002', N'Tốc độ giao hàng', N'Shop giao hàng siuuuu nhanh luôn', '20221210'),
('FB000003', '#0000003', 'UID18640003', N'Chất lượng dịch vụ', N'Admin rep tin nhắn nhanh quá, mình thích à nhen', '20230101'),
('FB000004', '#0000004', 'UID18640004', N'Không thích chất liệu vải', N'quá thô', '20230315'),
('FB000005', '#0000005', 'UID08640005', N'Màu sắc sản phẩm', N'Màu sắc rất đẹp và giống hình', '20221122'),
('FB000006', '#0000006', 'UID08640006', N'Size sản phẩm', N'Size chuẩn, vừa vặn lắm shop ơi', '20221201'),
('FB000007', '#0000007', 'UID08640007', N'Giao hàng sai size', N'Shop giao nhầm size, buồn ghê', '20230402'),
('FB000008', '#0000008', 'UID08640008', N'Chất lượng hình ảnh sản phẩm', N'Hình ảnh trên web đẹp và chân thực', '20221015'),
('FB000009', '#0000009', 'UID08640009', N'Tư vấn sản phẩm', N'Admin tư vấn rất nhiệt tình, chu đáo', '20230228'),
('FB000010', '#0000010', 'UID08640010', N'Bảo hành sản phẩm', N'Bảo hành nhanh chóng, hài lòng', '20230310'),
('FB000011', '#0000011', 'UID08640011', N'Chất liệu vải', N'Tôi thích chất liệu vải này, mềm mại và thoáng mát', '20230120'),
('FB000012', '#0000012', 'UID08640012', N'Mẫu mã sản phẩm', N'Mẫu mã đẹp, hiện đại', '20221225'),
('FB000013', '#0000013', 'UID08640013', N'Giá cả sản phẩm', N'Giá cả phải chăng, xứng đáng với chất lượng', '20230115'),
('FB000014', '#0000014', 'UID08640014', N'Chính sách đổi trả', N'Chính sách đổi trả linh hoạt, dễ dàng', '20230210'),
('FB000015', '#0000015', 'UID08640015', N'Chăm sóc khách hàng', N'Dịch vụ chăm sóc khách hàng tốt, thân thiện', '20230320'),
('FB000016', '#0000016', 'UID08640016', N'Giao hàng trễ', N'Shop giao hàng trễ hẹn, không ưng', '20230415'),
('FB000017', '#0000017', 'UID08640017', N'Hỗ trợ khách hàng', N'Hỗ trợ khách hàng nhanh chóng và tận tâm', '20230130'),
('FB000018', '#0000018', 'UID08640018', N'Đóng gói sản phẩm', N'Đóng gói cẩn thận, đẹp mắt', '20221110'),
('FB000019', '#0000019', 'UID08640019', N'Phản hồi từ khách hàng', N'Shop luôn lắng nghe phản hồi của khách hàng', '20230301'),
('FB000020', '#0000020', 'UID08640020', N'Hệ thống thanh toán', N'Hệ thống thanh toán tiện lợi, nhanh chóng', '20230220'),
('FB000021', '#0000021', 'UID08640021', N'Chất lượng may mặc', N'Chất lượng may mặc tốt, đường may đẹp', '20221230'),
('FB000022', '#0000022', 'UID08640022', N'Không gian cửa hàng', N'Không gian cửa hàng sạch sẽ, thoáng mát', '20230305'),
('FB000023', '#0000023', 'UID08640023', N'Khuyến mãi sản phẩm', N'Có nhiều chương trình khuyến mãi hấp dẫn', '20230110'),
('FB000024', '#0000024', 'UID08640024', N'Mùi của sản phẩm', N'Mùi vải thoang thoảng, dễ chịu', '20230308'),
('FB000025', '#0000025', 'UID08640025', N'Thiết kế sản phẩm', N'Thiết kế sản phẩm sáng tạo, độc đáo', '20230201'),
('FB000026', '#0000026', 'UID08640026', N'Sự đa dạng của sản phẩm', N'Sự đa dạng của sản phẩm đáp ứng đủ nhu cầu', '20230401'),
('FB000027', '#0000027', 'UID08640027', N'Tốc độ trang web', N'Quá chậm, load mãi không được, bực mình', '20211212'),
('FB000028', '#0000028', 'UID08640028', N'Hoàn tiền', N'Đề nghị shop hoàn tiền!!!', '20220405'),
('FB000029', '#0000029', 'UID08640029', N'Màu sắc sản phẩm', N'Màu sắc rất đẹp và giống hình', '20230203'),
('FB000030', '#0000030', 'UID08640030', N'Sản phẩm không giống hình', N'Hơi thất vọng nha shop', '20230606');

INSERT INTO POrder (Order_id, Order_date, User_id, Phone_num, Address, Note, Status, Total_money_order,	Total_dis_money_order, Name, Discount_status, Ship_id, Receive_date) VALUES
('OID018001', '20231020', 'UID08640033', '0923456783', N'Số 357 Đường Nguyễn Thị Minh Khai, Quận 3, Thành phố Hồ Chí Minh', N'Giao đầu hẻm', N'Đã Giao', 836600, 752940, N'Trương Thị Hương', 1, 'SID2023015', '20231024'),
('OID018002', '20231023', 'UID08640034', '0934567894', N'Số 30, Đường Nguyễn Văn Cừ, Quận Long Biên, Hà Nội', N'Bấm chuông số 2 để giao hàng', N'Đã Giao', 605500, 484400, N'Nguyễn Văn Tâm', 1, 'SID2023001', '20231024'),
('OID018003', '20231026', 'UID08640035', '0945678905', N'Số 37, Đường Trần Phú, Quận Sơn Trà, Đà Nẵng', N'Để dưới hầm chung cư', N'Đã Giao', 1438000, 1150400, N'Lê Thị Thu Trang', 1, 'SID2023008', '20231024'),
('OID018004', '20231030', 'UID08640036', '0956789016', N'Số 3, Ngõ 654, Đường Lý Thường Kiệt, Quận Ba Đình, Hà Nội', N'Gửi tiệm tạp hóa kế bên', N'Đã Giao', 659600, 527680, N'Trần Đức Thắng', 1, 'SID2023004', '20231024'),
('OID018005', '20231101', 'UID08640037', '0967890127', N'Số 1, Đường Nguyễn Huệ, Quận 1, Thành phố Hồ Chí Minh', N'Gửi nhà đối diện', N'Đã Giao', 677600, 406560, N'Phạm Thị Thanh Hương', 1, 'SID2023020', '20231024'),
('OID018006', '20231103', 'UID08640038', '0978901238', N'Số 9, Đường Nguyễn Thị Minh Khai, Quận 3, Thành phố Hồ Chí Minh', N'Nhận hàng tại kho', N'Đã Giao', 555000, 277500, N'Hoàng Văn Hoan', 1, 'SID2023011', '20231024'),
('OID018007', '20231105', 'UID08640039', '0989012349', N'Số 7, Đường Ngô Quyền, Quận Lê Chân, Hải Phòng', N'Để trong hòm thư', N'Đã Giao', 483000, 410550, N'Nguyễn Thị Thúy', 1, 'SID2023010', '20231024'),
('OID018008', '20231107', 'UID08640040', '0990123450', N'Số 11, Đường Trần Phú, Quận Sơn Trà, Đà Nẵng', N'Để dưới hầm chung cư', N'Đã Giao', 862000, 344800, N'Lý Văn Quốc', 1, 'SID2023017', '20231024'),
('OID018009', '20231109', 'UID08640025', '0945678905', N'Số 16, Đường Nguyễn Thái Học, Quận 5, Thành phố Hồ Chí Minh', N'Nhận hàng tại kho', N'Đã Giao', 1096000, 438400, N'Lê Thị Lan Phương', 1, 'SID2023016', '20231028'),
('OID018010', '20231108', 'UID08640026', '0956789016', N'Số 32, Đường Ngô Quyền, Quận Lê Chân, Hải Phòng', N'Để dưới hầm chung cư', N'Đang Giao', 467000, 373600, N'Đỗ Văn Hùng', 1, 'SID2023001', '20231028'),
('OID018011', '20231108', 'UID08640027', '0967890127', N'Số 39, Đường Trần Phú, Quận Sơn Trà, Đà Nẵng', N'Giao vào giờ hành chính', N'Đang Giao', 1284000, 1027200, N'Nguyễn Thị Thảo', 1, 'SID2023013', '20231028'),
('OID018012', '20231108', 'UID08640028', '0978901238', N'Số 13, Đường Trường Chinh, Quận Thanh Khê, Đà Nẵng', N'Nhận hàng tại kho', N'Đang Giao', 871000, 696800, N'Trần Văn Hòa', 1, 'SID2023016', '20231028'),
('OID018013', '20231108', 'UID08640029', '0989012349', N'Số 4, Ngõ 456, Đường Lý Thường Kiệt, Quận Ba Đình, Hà Nội', N'Giao vào giờ hành chính', N'Đang Giao', 642000, 577800, N'Lê Thị Hương', 1, 'SID2023007', '20231028'),
('OID018014', '20231108', 'UID08640030', '0990123450', N'Số 26, Đường Nguyễn Thị Minh Khai, Quận 3, Thành phố Hồ Chí Minh', N'Giao vào giờ hành chính', N'Đang Giao', 708000, 637200, N'Vũ Văn Thành', 1, 'SID2023020', '20231028'),
('OID018015', '20231108', 'UID08640031', '0901234561', N'Số 20, Đường Nguyễn Văn Linh, Quận Cẩm Lệ, Đà Nẵng', N'Nhận hàng tại kho', N'Đang Giao', 617000, 370200, N'Phan Thị Thu Hà', 1, 'SID2023007', '20231028'),
('OID018016', '20231108', 'UID08640032', '0912345672', N'Số 29, Đường Trần Hưng Đạo, Quận Sơn Trà, Đà Nẵng', N'Giao vào giờ hành chính', N'Đang Giao', 1575000, 945000, N'Bùi Văn Đạt', 1, 'SID2023017', '20231028'),
('OID018017', '20231108', 'UID08640017', '0967890127', N'Số 19, Đường Trần Phú, Quận Cẩm Lệ, Đà Nẵng', N'Giao vào giờ hành chính', N'Đang Giao', 577000, 346200, N'Phan Thanh Hùng', 1, 'SID2023010', '20231031'),
('OID018018', '20231108', 'UID08640018', '0978901238', N'Số 27, Đường Huỳnh Thúc Kháng, Quận Ba Đình, Hà Nội', N'Giao vào giờ hành chính', N'Đang Giao', 458000, 274800, N'Lê Thị Bích Ngọc', 1, 'SID2023010', '20231031'),
('OID018019', '20231108', 'UID08640019', '0989012349', N'Số 31, Đường Trần Phú, Quận Sơn Trà, Đà Nẵng', N'Để dưới hầm chung cư', N'Đang Giao', 677000, 575450, N'Trịnh Văn Đức', 1, 'SID2023006', '20231031'),
('OID018020', '20231108', 'UID08640020', '0990123450', N'Số 6, Đường Lê Lai, Quận 1, Thành phố Hồ Chí Minh', N'Để dưới hầm chung cư', N'Đang Giao', 1005000, 854250, N'Nguyễn Thị Hồng Nga', 1, 'SID2023002', '20231031'),
('OID018021', '20231108', 'UID08640021', '0901234561', N'Số 11, Đường Nguyễn Huệ, Quận Thanh Xuân, Hà Nội', N'Nhận hàng tại kho', N'Đang Giao', 863000, 733550, N'Lương Văn Hải', 1, 'SID2023015', '20231031'),
('OID018022', '20231108', 'UID08640022', '0912345672', N'Số 23, Đường Ngô Gia Tự, Quận Hải Châu, Đà Nẵng', N'Giao vào giờ hành chính', N'Đang Giao', 572000, 486200, N'Ngô Thị Kim Anh', 1, 'SID2023001', '20231031'),
('OID018023', '20231108', 'UID08640023', '0923456783', N'Số 35, Đường Hùng Vương, Quận Sơn Trà, Đà Nẵng', N'Gửi tiệm tạp hóa kế bên', N'Đang Giao', 1073000, 912050, N'Hoàng Thị Minh Hạnh', 1, 'SID2023008', '20231031'),
('OID018024', '20231108', 'UID08640024', '0934567894', N'Số 24, Đường Lê Duẩn, Quận Hai Bà Trưng, Hà Nội', N'Gửi nhà đối diện', N'Đang Giao', 1771000, 1505350, N'Phạm Văn Hoàng', 1, 'SID2023004', '20231031'),
('OID018025', '20231108', 'UID08640009', '0989012349', N'Số 33, Đường Nguyễn Văn Cừ, Quận Long Biên, Hà Nội', N'Gửi tiệm tạp hóa kế bên', N'Đang Giao', 1080000, 918000, N'Bùi Đức Hải', 1, 'SID2023020', '20231103'),
('OID018026', '20231108', 'UID08640010', '0990123450', N'Số 22, Đường Trường Chinh, Quận Thanh Khê, Đà Nẵng', N'Nhận hàng tại kho', N'Đang Giao', 1100000, 935000, N'Ngô Thị Phương Anh', 1, 'SID2023011', '20231103'),
('OID018027', '20231108', 'UID08640011', '0901234561', N'Số 14, Đường Nguyễn Thị Định, Quận 2, Thành phố Hồ Chí Minh', N'Nhận hàng tại kho', N'Đang Giao', 1000000, 850000, N'Đinh Văn Hùng', 1, 'SID2023010', '20231103'),
('OID018028', '20231108', 'UID08640012', '0912345672', N'Số 18, Đường Hùng Vương, Quận Hải Châu, Đà Nẵng', N'Giao đầu hẻm', N'Đang Giao', 1817000, 1544450, N'Trần Thị Hà', 1, 'SID2023017', '20231103'),
('OID018029', '20231108', 'UID08640013', '0923456783', N'Số 28, Đường Bạch Đằng, Quận Lê Chân, Hải Phòng', N'Gửi tiệm tạp hóa kế bên', N'Đang Giao', 937000, 796450, N'Hoàng Đức Long', 1, 'SID2023016', '20231103'),
('OID018030', '20231108', 'UID08640014', '0934567894', N'Số 36, Đường Trần Phú, Quận Sơn Trà, Đà Nẵng', N'Để dưới hầm chung cư', N'Đang Giao', 781000, 663850, N'Nguyễn Thị Thu Hà', 1, 'SID2023001', '20231103'),
('OID018031', '20231111', 'UID08640015', '0945678905', N'Số 5, Ngõ 654, Đường Lý Thường Kiệt, Quận Ba Đình, Hà Nội', N'Gửi tiệm tạp hóa kế bên', N'Đang Xử Lý', 348000, 348000, N'Trần Minh Khánh', 0, 'SID2023013', '20231103'),
('OID018032', '20231111', 'UID08640016', '0956789016', N'Số 21, Đường Nguyễn Văn Linh, Quận Hải Châu, Đà Nẵng', N'Gửi nhà đối diện', N'Đang Xử Lý', 499000, 499000, N'Vũ Ngọc Thảo', 0, 'SID2023016', '20231103'),
('OID018033', '20231111', 'UID08640005', '0945678905', N'Số 9, Ngõ 456, Đường Lý Thường Kiệt, Quận Ba Đình, Hà Nội', N'Để dưới hầm chung cư', N'Đang Xử Lý', 677000, 677000, N'Hoàng Minh Tuấn', 0, 'SID2023007', '20231106'),
('OID018034', '20231111', 'UID08640006', '0956789016', N'Số 12, Đường Nguyễn Thị Minh Khai, Quận 3, Thành phố Hồ Chí Minh', N'Giao đầu hẻm', N'Đang Xử Lý', 458000, 458000, N'Đặng Thanh Hương', 0, 'SID2023020', '20231106'),
('OID018035', '20231111', 'UID08640007', '0967890127', N'Số 8, Đường Ngô Quyền, Quận Lê Chân, Hải Phòng', N'Để dưới hầm chung cư', N'Đang Xử Lý', 546000, 546000, N'Vũ Văn Hòa', 0, 'SID2023007', '20231106'),
('OID018036', '20231111', 'UID08640008', '0978901238', N'Số 17, Đường Trần Hưng Đạo, Quận Sơn Trà, Đà Nẵng', '', 'Đang Xử Lý', 538000, 538000, N'Lý Thị Lan Anh', 0, 'SID2023017', '20231106');

INSERT INTO Discount (Dis_id, Dis_code,	Dis_per, Start_date, End_date, Order_ID) VALUES 
('DIS001', 'HAPPY50K', 10, '20231020', '20231022', 'OID018001'),
('DIS002', '1MSUBS', 20, '20231023', '20231025', 'OID018002'),
('DIS003', '200kMEMS', 20, '20231026', '20231029', 'OID018003'),
('DIS004', '300kMEMS', 20, '20231030', '20231031', 'OID018004'),
('DIS005', 'HOLIDAYS', 40, '20231101', '20231102', 'OID018005'),
('DIS006', 'B1RTHD4Y!', 50, '20231103', '20231104', 'OID018006'),
('DIS007', 'BBUF79', 15, '20231105', '20231106', 'OID018007'),
('DIS008', 'DBI202', 60, '20231107', '20231108', 'OID018008'),
('DIS009', 'LAB211', 60, '20231109', '20231110', 'OID018009'),
('DIS010', 'MNOP3456', 20, '20231108', '20231112', 'OID018010'),
('DIS011', 'QRST7890', 20, '20231108', '20231112', 'OID018011'),
('DIS012', 'UVWX2345', 20, '20231108', '20231112', 'OID018012'),
('DIS013', 'YZAB6789', 10, '20231108', '20231112', 'OID018013'),
('DIS014', 'CDEF0123', 10, '20231108', '20231112', 'OID018014'),
('DIS015', 'JPD113', 40, '20231108', '20231112', 'OID018015'),
('DIS016', 'PRO192', 40, '20231108', '20231112', 'OID018016'),
('DIS017', 'SJDHA343', 40, '20231108', '20231112', 'OID018017'),
('DIS018', 'SDAKA', 40, '20231108', '20231112', 'OID018018'),
('DIS019', 'MUVODICH', 15, '20231108', '20231112', 'OID018019'),
('DIS020', 'SSA1123', 15, '20231108', '20231112', 'OID018020'),
('DIS021', 'HJGJD756', 15, '20231108', '20231112', 'OID018021'),
('DIS022', 'KFUWJG75', 15, '20231108', '20231112', 'OID018022'),
('DIS023', 'FHFKS4', 15, '20231108', '20231112', 'OID018023'),
('DIS024', 'UTOILG5', 15, '20231108', '20231112', 'OID018024'),
('DIS025', 'KDLSBV4', 15, '20231108', '20231112', 'OID018025'),
('DIS026', 'JJFNJED', 15, '20231108', '20231112', 'OID018026'),
('DIS027', 'JGOIOE5', 15, '20231108', '20231112', 'OID018027'),
('DIS028', 'OTYNBV4', 15, '20231108', '20231112', 'OID018028'),
('DIS029', 'UGIDOJ4', 15, '20231108', '20231112', 'OID018029'),
('DIS030', 'OIEHFN4', 15, '20231108', '20231112', 'OID018030');

INSERT INTO InvoiceDetail (IDetail_id, Invoice_id, Pro_id, Pro_name, Price,	Pro_quantity, Total_money) VALUES
('IDET0001', 'InID0001', '#0000001', N'Áo Polo Premium A01', 177000,	250, 44250000),
('IDET0002', 'InID0002', '#0000002', N'Áo Polo Classic A02', 130000, 250, 32500000),
('IDET0003', 'InID0003', '#0000003', N'Áo Polo Luxury A03', 139000, 250, 34750000),
('IDET0004', 'InID0004', '#0000004', N'Áo Polo Elegance A04', 115000, 250, 28750000),
('IDET0005', 'InID0005', '#0000005', N'Áo Polo Charm A05', 115000, 250, 28750000),
('IDET0006', 'InID0005', '#0000006', N'Áo Polo Chic A06', 115000, 250, 28750000),
('IDET0007', 'InID0005', '#0000007', N'Áo Polo Vintage A07', 115000, 250, 28750000),
('IDET0008', 'InID0005', '#0000008', N'Áo Polo Delight A08', 115000, 250, 28750000),
('IDET0009', 'InID0006', '#0000009', N'Áo Polo Exquisite A09', 115000, 250, 28750000),
('IDET0010', 'InID0006', '#0000010', N'Áo Polo Refined A10', 115000, 250, 28750000),
('IDET0011', 'InID0006', '#0000011', N'Áo Polo Velvet A11', 115000, 250, 28750000),
('IDET0012', 'InID0006', '#0000012', N'Áo Polo Eleganza A13', 115000, 250, 28750000),
('IDET0013', 'InID0006', '#0000013', N'Áo Polo Divine A14', 115000, 250, 28750000),
('IDET0014', 'InID0006', '#0000014', N'Áo Polo Excellence A15', 115000, 250, 28750000),
('IDET0015', 'InID0007', '#0000015', N'Áo Polo Elegant A16', 115000, 250, 28750000),
('IDET0016', 'InID0007', '#0000016', N'Áo Polo Regal A17', 177000, 250, 44250000),
('IDET0017', 'InID0007', '#0000017', N'Áo Polo Magnifique A18', 177000, 250, 44250000),
('IDET0018', 'InID0007', '#0000018', N'Áo Polo Luxurious A19', 177000, 250, 44250000),
('IDET0019', 'InID0007', '#0000019', N'Áo Polo Distinguished A20', 177000, 250, 44250000),
('IDET0020', 'InID0008', '#0000020', N'Áo Polo Grandeur A21', 177000, 250, 44250000),
('IDET0021', 'InID0008', '#0000021', N'Áo Polo Sophisticated A22', 177000, 250, 44250000),
('IDET0022', 'InID0008', '#0000022', N'Áo Polo Refined Elegance A23', 177000, 250, 44250000),
('IDET0023', 'InID0008', '#0000023', N'Áo Polo Deluxe A24', 177000, 250, 44250000),
('IDET0024', 'InID0008', '#0000024', N'Áo Polo Opulent A25', 177000, 250, 44250000),
('IDET0025', 'InID0008', '#0000025', N'Áo Polo Majestic A26', 177000, 250, 44250000),
('IDET0026', 'InID0009', '#0000026', N'Áo Polo Grandiose A27', 177000, 250, 44250000),
('IDET0027', 'InID0009', '#0000027', N'Áo Polo Royalty A28', 177000, 250, 44250000),
('IDET0028', 'InID0009', '#0000028', N'Áo Polo Elegance A29', 177000, 250, 44250000),
('IDET0029', 'InID0009', '#0000029', N'Áo Polo Luxurious A30', 177000, 250, 44250000),
('IDET0030', 'InID0010', '#0000030', N'Varsity Dragon Flyer', 99000, 250, 24750000),
('IDET0031', 'InID0010', '#0000031', N'Varsity Sky Escaper', 99000, 250, 24750000),
('IDET0032', 'InID0010', '#0000032', N'Varsity Sky Soarer', 99000, 250, 24750000),
('IDET0033', 'InID0010', '#0000033', N'Varsity Thunder Striker', 99000, 250, 24750000),
('IDET0034', 'InID0010', '#0000034', N'Varsity Electric Aviator', 99000, 250, 24750000),
('IDET0035', 'InID0010', '#0000035', N'Varsity Neon Voyager', 99000, 250, 24750000),
('IDET0036', 'InID0011', '#0000036', N'Varsity Cosmic Cruiser', 99000, 250, 24750000),
('IDET0037', 'InID0011', '#0000037', N'Varsity Solar Surfer', 99000, 250, 24750000),
('IDET0038', 'InID0011', '#0000038', N'Varsity Starship Traveler', 99000, 250, 24750000),
('IDET0039', 'InID0011', '#0000039', N'Varsity Galactic Explorer', 99000, 250, 24750000),
('IDET0040', 'InID0012', '#0000040', N'Varsity Universe Trekker', 99000, 250, 24750000),
('IDET0041', 'InID0012', '#0000041', N'Varsity Astral Adventurer', 99000, 250, 24750000),
('IDET0042', 'InID0012', '#0000042', N'Varsity Space Sailor', 99000, 250, 24750000),
('IDET0043', 'InID0012', '#0000043', N'Varsity Comet Chaser', 99000, 250, 24750000),
('IDET0044', 'InID0012', '#0000044', N'Varsity Stellar Voyager', 99000, 250, 24750000),
('IDET0045', 'InID0012', '#0000045', N'Varsity Cosmic Nomad', 99000, 250, 24750000),
('IDET0046', 'InID0012', '#0000046', N'Varsity Interstellar Traveler', 99000, 250, 24750000),
('IDET0047', 'InID0013', '#0000047', N'Varsity Solar Explorer', 99000, 250, 24750000),
('IDET0048', 'InID0013', '#0000048', N'Varsity Galactic Voyager', 99000, 250, 24750000),
('IDET0049', 'InID0013', '#0000049', N'Varsity Starship Seeker', 99000, 250, 24750000),
('IDET0050', 'InID0013', '#0000050', N'Varsity Cosmic Pioneer', 99000, 250, 24750000),
('IDET0051', 'InID0013', '#0000051', N'Varsity Universe Explorer', 99000, 250, 24750000),
('IDET0052', 'InID0013', '#0000052', N'Varsity Astral Voyager', 99000, 250, 24750000),
('IDET0053', 'InID0014', '#0000053', N'Varsity Space Nomad', 99000, 250, 24750000),
('IDET0054', 'InID0014', '#0000054', N'Varsity Comet Explorer', 99000, 250, 24750000),
('IDET0055', 'InID0014', '#0000055', N'Varsity Stellar Pioneer', 99000, 250, 24750000),
('IDET0056', 'InID0014', '#0000056', N'Varsity Cosmic Nomad', 99000, 250, 24750000),
('IDET0057', 'InID0014', '#0000057', N'Varsity Interstellar Explorer', 99000, 250, 24750000),
('IDET0058', 'InID0014', '#0000058', N'Varsity Solar Voyager', 99000, 250, 24750000),
('IDET0059', 'InID0014', '#0000059', N'Varsity Galactic Pioneer', 99000, 250, 24750000),
('IDET0060', 'InID0014', '#0000060', N'Varsity Starship Explorer', 99000, 250, 24750000),
('IDET0061', 'InID0015', '#0000061', N'Bomber BST Day''s 34', 200000, 250, 50000000),
('IDET0062', 'InID0015', '#0000062', N'Bomber Retro Vision', 200000, 250, 50000000),
('IDET0063', 'InID0015', '#0000063', N'Bomber Classic Stylish', 200000, 250, 50000000),
('IDET0064', 'InID0016', '#0000064', N'Bomber Urban Challenger', 200000, 250, 50000000),
('IDET0065', 'InID0016', '#0000065', N'Bomber Street Chic', 200000, 250, 50000000),
('IDET0066', 'InID0016', '#0000066', N'Bomber City Lights', 200000, 250, 50000000),
('IDET0067', 'InID0017', '#0000067', N'Bomber Vintage Vibes', 200000, 250, 50000000),
('IDET0068', 'InID0017', '#0000068', N'Bomber Urban Groove', 200000, 250, 50000000),
('IDET0069', 'InID0017', '#0000069', N'Bomber Urban Chic', 200000, 250, 50000000),
('IDET0070', 'InID0017', '#0000070', N'Bomber Cityscape', 200000, 250, 50000000),
('IDET0071', 'InID0017', '#0000071', N'Bomber Street Style', 200000, 250, 50000000),
('IDET0072', 'InID0018', '#0000072', N'Bomber Classic Vibes', 200000, 250, 50000000),
('IDET0073', 'InID0018', '#0000073', N'Bomber Vintage Explorer', 200000, 250, 50000000),
('IDET0074', 'InID0018', '#0000074', N'Bomber Retro Chic', 200000, 250, 50000000),
('IDET0075', 'InID0018', '#0000075', N'Bomber City Skyline', 200000, 250, 50000000),
('IDET0076', 'InID0018', '#0000076', N'Bomber Urban Graveyard', 200000, 250, 50000000),
('IDET0077', 'InID0019', '#0000077', N'Bomber Retro Vive', 200000, 250, 50000000),
('IDET0078', 'InID0019', '#0000078', N'Bomber Classic Style', 200000, 250, 50000000),
('IDET0079', 'InID0019', '#0000079', N'Bomber Urban Explorer', 200000, 250, 50000000),
('IDET0080', 'InID0019', '#0000080', N'Bomber Street Fighter X', 200000, 250, 50000000),
('IDET0081', 'InID0019', '#0000081', N'Bomber City Airforce', 200000, 250, 50000000),
('IDET0082', 'InID0020', '#0000082', N'Bomber Vintage Vines', 200000, 250, 50000000),
('IDET0083', 'InID0020', '#0000083', N'Bomber Urban Rising', 200000, 250, 50000000),
('IDET0084', 'InID0020', '#0000084', N'Bomber Urban Chicken', 200000, 250, 50000000),
('IDET0085', 'InID0020', '#0000085', N'Bomber Escaper', 200000, 250, 50000000),
('IDET0086', 'InID0021', '#0000086', N'Bomber Street Style and Flight', 200000, 250, 50000000),
('IDET0087', 'InID0021', '#0000087', N'Bomber Classical', 200000, 250, 50000000),
('IDET0088', 'InID0021', '#0000088', N'Bomber Vintage Fly high', 200000, 250, 50000000),
('IDET0089', 'InID0022', '#0000089', N'Bomber Urban Streetwear', 200000, 250, 50000000),
('IDET0090', 'InID0022', '#0000090', N'Bomber City Groove', 200000, 250, 50000000),
('IDET0091', 'InID0023', '#0000091', N'Áo khoác Cardigan Black Wild Card', 149000, 250, 37250000),
('IDET0092', 'InID0023', '#0000092', N'Áo khoác Cardigan Wild Rugged', 149000, 250, 37250000),
('IDET0093', 'InID0023', '#0000093', N'Áo khoác Cardigan Savage Explorer', 149000, 250, 37250000),
('IDET0094', 'InID0023', '#0000094', N'Áo khoác Cardigan Untamed Jungle', 149000, 250, 37250000),
('IDET0095', 'InID0023', '#0000095', N'Áo khoác Cardigan Jungle Blaze', 149000, 250, 37250000),
('IDET0096', 'InID0024', '#0000096', N'Áo khoác Cardigan Wildfire Adventure', 149000, 250, 37250000),
('IDET0097', 'InID0024', '#0000097', N'Áo khoác Cardigan Wilderness Spirit', 149000, 250, 37250000),
('IDET0098', 'InID0024', '#0000098', N'Áo khoác Cardigan Roaming Trek', 149000, 250, 37250000),
('IDET0099', 'InID0024', '#0000099', N'Áo khoác Cardigan Rugged Territory', 149000, 250, 37250000),
('IDET0100', 'InID0025', '#0000100', N'Áo khoác Cardigan Jungle Discovery', 149000, 250, 37250000),
('IDET0101', 'InID0025', '#0000101', N'Áo khoác Cardigan Fierce Expedition', 149000, 250, 37250000),
('IDET0102', 'InID0025', '#0000102', N'Áo khoác Cardigan Untamed Safari', 149000, 250, 37250000),
('IDET0103', 'InID0026', '#0000103', N'Áo khoác Cardigan Savage Descent', 149000, 250, 37250000),
('IDET0104', 'InID0026', '#0000104', N'Áo khoác Cardigan Jungle Echo', 149000, 250, 37250000),
('IDET0105', 'InID0026', '#0000105', N'Áo khoác Cardigan Wildfire Expedition', 149000, 250, 37250000),
('IDET0106', 'InID0026', '#0000106', N'Áo khoác Cardigan Rugged Escape', 149000, 250, 37250000),
('IDET0107', 'InID0026', '#0000107', N'Áo khoác Cardigan Untamed Roamer', 149000, 250, 37250000),
('IDET0108', 'InID0027', '#0000108', N'Áo khoác Cardigan Jungle Trek', 149000, 250, 37250000),
('IDET0109', 'InID0027', '#0000109', N'Áo khoác Cardigan Roaming Spirit', 149000, 250, 37250000),
('IDET0110', 'InID0027', '#0000110', N'Áo khoác Cardigan Wild Territory', 149000, 250, 37250000),
('IDET0111', 'InID0027', '#0000111', N'Áo khoác Cardigan Jungle Path', 149000, 250, 37250000),
('IDET0112', 'InID0028', '#0000112', N'Áo khoác Cardigan Rugged Adventurer', 149000, 250, 37250000),
('IDET0113', 'InID0028', '#0000113', N'Áo khoác Cardigan Savage Descent', 149000, 250, 37250000),
('IDET0114', 'InID0028', '#0000114', N'Áo khoác Cardigan Fierce Expeditionist', 149000, 250, 37250000),
('IDET0115', 'InID0028', '#0000115', N'Áo khoác Cardigan Wildfire Trekker', 149000, 250, 37250000),
('IDET0116', 'InID0029', '#0000116', N'Áo khoác Cardigan Jungle Roamer', 149000, 250, 37250000),
('IDET0117', 'InID0029', '#0000117', N'Áo khoác Cardigan Untamed Voyager', 149000, 250, 37250000),
('IDET0118', 'InID0029', '#0000118', N'Áo khoác Cardigan Savage Echo', 149000, 250, 37250000),
('IDET0119', 'InID0030', '#0000119', N'Áo khoác Cardigan Wilderness Voyager', 149000, 250, 37250000),
('IDET0120', 'InID0030', '#0000120', N'Áo khoác Cardigan Rugged Escapee', 149000, 250, 37250000),
('IDET0121', 'InID0030', '#0000121', N'Áo khoác Cardigan Wildfire Trekker', 149000, 250, 37250000),
('IDET0122', 'InID0031', '#0000122', N'Hoodie Special Wolfenstein edition', 179000, 250, 44750000),
('IDET0123', 'InID0031', '#0000123', N'Hoodie Yamete no jutsu', 179000, 250, 44750000),
('IDET0124', 'InID0031', '#0000124', N'Hoodie Urban Warfare', 179000, 250, 44750000),
('IDET0125', 'InID0031', '#0000125', N'Hoodie Jungle Camo', 179000, 250, 44750000),
('IDET0126', 'InID0032', '#0000126', N'Hoodie Desert Storm', 179000, 250, 44750000),
('IDET0127', 'InID0032', '#0000127', N'Hoodie Arctic Frost', 179000, 250, 44750000),
('IDET0128', 'InID0032', '#0000128', N'Hoodie Midnight Ops', 179000, 250, 44750000),
('IDET0129', 'InID0032', '#0000129', N'Hoodie Stealth Assassin', 179000, 250, 44750000),
('IDET0130', 'InID0032', '#0000130', N'Hoodie Cityscape Recon', 179000, 250, 44750000),
('IDET0131', 'InID0032', '#0000131', N'Hoodie Tactical Raid', 179000, 250, 44750000),
('IDET0132', 'InID0033', '#0000132', N'Hoodie Camouflage Hunter', 179000, 250, 44750000),
('IDET0133', 'InID0033', '#0000133', N'Hoodie Urban Infiltrator', 179000, 250, 44750000),
('IDET0134', 'InID0033', '#0000134', N'Hoodie Covert Operations', 179000, 250, 44750000),
('IDET0135', 'InID0033', '#0000135', N'Hoodie Night Vision Elite', 179000, 250, 44750000),
('IDET0136', 'InID0033', '#0000136', N'Hoodie Arctic Recon', 179000, 250, 44750000),
('IDET0137', 'InID0034', '#0000137', N'Hoodie Wilderness Sniper', 179000, 250, 44750000),
('IDET0138', 'InID0034', '#0000138', N'Hoodie Special Forces', 179000, 250, 44750000),
('IDET0139', 'InID0034', '#0000139', N'Hoodie Nightfall Patrol', 179000, 250, 44750000),
('IDET0140', 'InID0035', '#0000140', N'Hoodie Shadow Ops', 179000, 250, 44750000),
('IDET0141', 'InID0035', '#0000141', N'Hoodie Urban Tracker', 179000, 250, 44750000),
('IDET0142', 'InID0035', '#0000142', N'Hoodie Midnight Commando', 179000, 250, 44750000),
('IDET0143', 'InID0035', '#0000143', N'Hoodie Arctic Sentinel', 179000, 250, 44750000),
('IDET0144', 'InID0035', '#0000144', N'Hoodie Covert Agent', 179000, 250, 44750000),
('IDET0145', 'InID0035', '#0000145', N'Hoodie Stealth Guardian', 179000, 250, 44750000),
('IDET0146', 'InID0035', '#0000146', N'Hoodie Desert Scout', 179000, 250, 44750000),
('IDET0147', 'InID0036', '#0000147', N'Hoodie Jungle Ranger', 179000, 250, 44750000),
('IDET0148', 'InID0036', '#0000148', N'Hoodie City Explorer', 179000, 250, 44750000),
('IDET0149', 'InID0036', '#0000149', N'Hoodie Tactical Operative', 179000, 250, 44750000),
('IDET0150', 'InID0036', '#0000150', N'Hoodie Wilderness Striker', 179000, 250, 44750000),
('IDET0151', 'InID0037', '#0000151', N'Hoodie Urban Warfare', 179000, 250, 44750000),
('IDET0152', 'InID0037', '#0000152', N'Hoodie Desert Strike', 179000, 250, 44750000),
('IDET0153', 'InID0038', '#0000153', N'Áo thun đơn giản S1102', 69000, 250, 17250000),
('IDET0154', 'InID0038', '#0000154', N'Áo thun đơn giản S2102', 69000, 250, 17250000),
('IDET0155', 'InID0038', '#0000155', N'Áo thun đơn giản S3102', 69000, 250, 17250000),
('IDET0156', 'InID0038', '#0000156', N'Áo thun đơn giản PREMIUM 01', 119000, 250, 29750000),
('IDET0157', 'InID0038', '#0000157', N'Áo thun đơn giản PREMIUM 02', 119000, 250, 29750000),
('IDET0158', 'InID0038', '#0000158', N'Áo thun đơn giản PREMIUM 03', 119000, 250, 29750000),
('IDET0159', 'InID0039', '#0000159', N'Áo thun đơn giản PREMIUM 04', 119000, 250, 29750000),
('IDET0160', 'InID0039', '#0000160', N'Áo thun đơn giản PREMIUM 05', 119000, 250, 29750000),
('IDET0161', 'InID0039', '#0000161', N'Áo thun đơn giản 1988 Ver 01', 89000, 250, 22250000),
('IDET0162', 'InID0039', '#0000162', N'Áo thun đơn giản 1988 Ver 02', 89000, 250, 22250000),
('IDET0163', 'InID0039', '#0000163', N'Áo thun đơn giản 1988 Ver 03', 89000, 250, 22250000),
('IDET0164', 'InID0039', '#0000164', N'Áo thun đơn giản ORIGINAL 21', 69000, 250, 17250000),
('IDET0165', 'InID0040', '#0000165', N'Áo thun đơn giản ORIGINAL 22', 69000, 250, 17250000),
('IDET0166', 'InID0040', '#0000166', N'Áo thun đơn giản ORIGINAL 23', 69000, 250, 17250000),
('IDET0167', 'InID0040', '#0000167', N'Áo thun đơn giản ORIGINAL 24', 69000, 250, 17250000),
('IDET0168', 'InID0040', '#0000168', N'Áo thun đơn giản DODGE DG01', 139000, 250, 34750000),
('IDET0169', 'InID0040', '#0000169', N'Áo thun đơn giản DODGE DG02', 139000, 250, 34750000),
('IDET0170', 'InID0040', '#0000170', N'Áo thun đơn giản DODGE DG03', 139000, 250, 34750000),
('IDET0171', 'InID0040', '#0000171', N'Áo thun đơn giản DODGE DG04', 139000, 250, 34750000),
('IDET0172', 'InID0041', '#0000172', N'Áo thun đơn giản DODGE DG05', 139000, 250, 34750000),
('IDET0173', 'InID0041', '#0000173', N'Áo thun đơn giản DODGE DG06', 139000, 250, 34750000),
('IDET0174', 'InID0041', '#0000174', N'Áo thun đơn giản Di Sản Ver 01', 69000, 250, 17250000),
('IDET0175', 'InID0041', '#0000175', N'Áo thun đơn giản Di Sản Ver 02', 69000, 250, 17250000),
('IDET0176', 'InID0041', '#0000176', N'Áo thun đơn giản Di Sản Ver 03', 69000, 250, 17250000),
('IDET0177', 'InID0041', '#0000177', N'Áo thun đơn giản COSMOS 01', 79000, 250, 19750000),
('IDET0178', 'InID0041', '#0000178', N'Áo thun đơn giản COSMOS 02', 79000, 250, 19750000),
('IDET0179', 'InID0041', '#0000179', N'Áo thun đơn giản COSMOS 03', 79000, 250, 19750000),
('IDET0180', 'InID0041', '#0000180', N'Áo thun đơn giản COSMOS 04', 79000, 250, 19750000),
('IDET0181', 'InID0041', '#0000181', N'Áo thun đơn giản COSMOS 05', 79000, 250, 19750000),
('IDET0182', 'InID0041', '#0000182', N'Áo thun đơn giản COSMOS 06', 79000, 250, 19750000),
('IDET0183', 'InID0041', '#0000183', N'Áo thun đơn giản COSMOS 07', 79000, 250, 19750000),
('IDET0184', 'InID0042', '#0000184', N'Áo thun Thiết Kế Black Widow', 119000, 250, 29750000),
('IDET0185', 'InID0042', '#0000185', N'Áo thun Thiết Kế Hulk', 119000, 250, 29750000),
('IDET0186', 'InID0042', '#0000186', N'Áo thun Thiết Kế Captain America', 119000, 250, 29750000),
('IDET0187', 'InID0042', '#0000187', N'Áo thun Thiết Kế Ironman Mark I', 119000, 250, 29750000),
('IDET0188', 'InID0042', '#0000188', N'Áo thun Thiết Kế Ironman Mark II', 119000, 250, 29750000),
('IDET0189', 'InID0042', '#0000189', N'Áo thun Thiết Kế Ironman Mark III', 119000, 250, 29750000),
('IDET0190', 'InID0042', '#0000190', N'Áo thun Thiết Kế BBUF VER ORIGINAL', 169000, 250, 42250000),
('IDET0191', 'InID0042', '#0000191', N'Áo thun Thiết Kế BBUF VER 01', 89000, 250, 22250000),
('IDET0192', 'InID0042', '#0000192', N'Áo thun Thiết Kế BBUF VER 02', 89000, 250, 22250000),
('IDET0193', 'InID0042', '#0000193', N'Áo thun Thiết Kế BBUF LIMITED EDITION', 359000, 250, 89750000),
('IDET0194', 'InID0042', '#0000194', N'Áo thun Thiết Kế THE DAYS 01', 89000, 250, 22250000),
('IDET0195', 'InID0042', '#0000195', N'Áo thun Thiết Kế THE DAYS 02', 89000, 250, 22250000),
('IDET0196', 'InID0042', '#0000196', N'Áo thun Thiết Kế THE DAYS 03', 89000, 250, 22250000),
('IDET0197', 'InID0042', '#0000197', N'Áo thun Thiết Kế THE DAYS 04', 89000, 250, 22250000),
('IDET0198', 'InID0042', '#0000198', N'Áo thun Thiết Kế THE DAYS 05', 89000, 250, 22250000),
('IDET0199', 'InID0042', '#0000199', N'Áo thun Thiết Kế DBI202 VER 01', 89000, 250, 22250000),
('IDET0200', 'InID0042', '#0000200', N'Áo thun Thiết Kế DBI202 VER 02', 89000, 250, 22250000),
('IDET0201', 'InID0042', '#0000201', N'Áo thun Thiết Kế DBI202 VER 03', 89000, 250, 22250000),
('IDET0202', 'InID0042', '#0000202', N'Áo thun Thiết Kế DBI202 LIMITED EDITION', 359000, 250, 89750000),
('IDET0203', 'InID0043', '#0000203', N'Áo thun Thiết Kế SPACE S01', 119000, 250, 29750000),
('IDET0204', 'InID0043', '#0000204', N'Áo thun Thiết Kế SPACE S02', 119000, 250, 29750000),
('IDET0205', 'InID0043', '#0000205', N'Áo thun Thiết Kế SPACE S03', 119000, 250, 29750000),
('IDET0206', 'InID0043', '#0000206', N'Áo thun Thiết Kế SPACE S04', 119000, 250, 29750000),
('IDET0207', 'InID0043', '#0000207', N'Áo thun Thiết Kế SPACE S05', 119000, 250, 29750000),
('IDET0208', 'InID0043', '#0000208', N'Áo thun Thiết Kế VALKYRIE V01', 119000, 250, 29750000),
('IDET0209', 'InID0043', '#0000209', N'Áo thun Thiết Kế VALKYRIE V02', 119000, 250, 29750000),
('IDET0210', 'InID0043', '#0000210', N'Áo thun Thiết Kế VALKYRIE V03', 119000, 250, 29750000),
('IDET0211', 'InID0043', '#0000211', N'Áo thun Thiết Kế VALKYRIE LIMITED EDITION', 359000, 250, 89750000),
('IDET0212', 'InID0043', '#0000212', N'Áo thun Thiết Kế HANABI SPECIAL EDITION', 279000, 250, 69750000),
('IDET0213', 'InID0043', '#0000213', N'Áo thun Thiết Kế HACHI SPECIAL EDITION', 279000, 250, 69750000),
('IDET0214', 'InID0043', '#0000214', N'Áo thun Thiết Kế KOKO SPECIAL EDITION', 279000, 250, 69750000),
('IDET0215', 'InID0044', '#0000215', N'Áo tay dài Sweater: Western Challenger', 89000, 250, 22250000),
('IDET0216', 'InID0044', '#0000216', N'Elegant Edge Sweater', 119000, 250, 29750000),
('IDET0217', 'InID0044', '#0000217', N'Stylish Comfort Sweater', 119000, 250, 29750000),
('IDET0218', 'InID0044', '#0000218', N'Luxurious Silk Sweater', 119000, 250, 29750000),
('IDET0219', 'InID0044', '#0000219', N'Denim Classic Sweater', 119000, 250, 29750000),
('IDET0220', 'InID0044', '#0000220', N'Linen Breeze Sweater', 119000, 250, 29750000),
('IDET0221', 'InID0044', '#0000221', N'Cozy Knit Sweater', 139000, 250, 34750000),
('IDET0222', 'InID0044', '#0000222', N'Plaid Perfection Sweater', 119000, 250, 29750000),
('IDET0223', 'InID0044', '#0000223', N'Cashmere Bliss Sweater', 119000, 250, 29750000),
('IDET0224', 'InID0044', '#0000224', N'Satin Elegance Sweater', 89000, 250, 22250000),
('IDET0225', 'InID0044', '#0000225', N'Velvet Dreams Sweater', 89000, 250, 22250000),
('IDET0226', 'InID0044', '#0000226', N'Tweed Chic Sweater', 89000, 250, 22250000),
('IDET0227', 'InID0044', '#0000227', N'Corduroy Comfort Sweater', 99000, 250, 24750000),
('IDET0228', 'InID0044', '#0000228', N'Silk Harmony Sweater', 89000, 250, 22250000),
('IDET0229', 'InID0044', '#0000229', N'Wooly Warmth Sweater', 89000, 250, 22250000),
('IDET0230', 'InID0044', '#0000230', N'Bamboo Delight Sweater', 89000, 250, 22250000),
('IDET0231', 'InID0044', '#0000231', N'Suede Sensation Sweater', 119000, 250, 29750000),
('IDET0232', 'InID0044', '#0000232', N'Fleece Comfort Sweater', 79000, 250, 19750000),
('IDET0233', 'InID0044', '#0000233', N'Taffeta Touch Sweater', 79000, 250, 19750000),
('IDET0234', 'InID0044', '#0000234', N'Chiffon Charm Sweater', 79000, 250, 19750000),
('IDET0235', 'InID0044', '#0000235', N'Velvet Luxury Sweater', 129000, 250, 32250000),
('IDET0236', 'InID0044', '#0000236', N'Houndstooth Hype Sweater', 79000, 250, 19750000),
('IDET0237', 'InID0044', '#0000237', N'Cambric Comfort Sweater', 79000, 250, 19750000),
('IDET0238', 'InID0044', '#0000238', N'Poplin Pop Sweater', 79000, 250, 19750000),
('IDET0239', 'InID0044', '#0000239', N'Tencel Tranquility Sweater', 133000, 250, 33250000),
('IDET0240', 'InID0044', '#0000240', N'Tussah Silk Treasure Sweater', 79000, 250, 19750000),
('IDET0241', 'InID0044', '#0000241', N'Hemp Harmony Sweater', 79000, 250, 19750000),
('IDET0242', 'InID0044', '#0000242', N'Seersucker Style Sweater', 133000, 250, 33250000),
('IDET0243', 'InID0044', '#0000243', N'Jacquard Joy Sweater', 79000, 250, 19750000),
('IDET0244', 'InID0045', '#0000244', N'Rayon Radiance Sweater', 79000, 250, 19750000),
('IDET0245', 'InID0045', '#0000245', N'Linen Elegance Sweater', 129000, 250, 32250000),
('IDET0246', 'InID0045', '#0000246', N'Sweater Speed 96', 399000, 250, 99750000),
('IDET0247', 'InID0046', '#0000247', N'Áo thun Sporty flexer Xanh Đậm', 119000, 250, 29750000),
('IDET0248', 'InID0046', '#0000248', N'Áo thun thể thao Transcendent', 79000, 250, 19750000),
('IDET0249', 'InID0046', '#0000249', N'Áo thun Cool Comfort Green Tee 1', 599000, 250, 149750000),
('IDET0250', 'InID0046', '#0000250', N'Áo thun Dynamic Athletic Tee 2', 149000, 250, 37250000),
('IDET0251', 'InID0046', '#0000251', N'Áo thun Ultimate Performance Tee 3', 79000, 250, 19750000),
('IDET0252', 'InID0046', '#0000252', N'Áo thun Fresh Fusion Sporty Top 4', 133000, 250, 33250000),
('IDET0253', 'InID0046', '#0000253', N'Áo thun FlexFit Pro Sports Tee 5', 79000, 250, 19750000),
('IDET0254', 'InID0046', '#0000254', N'Áo thun ActiveBreeze X-Shirt 6', 79000, 250, 19750000),
('IDET0255', 'InID0046', '#0000255', N'Áo thun TurboFlex Sportswear 7', 129000, 250, 32250000),
('IDET0256', 'InID0046', '#0000256', N'Áo thun Dynamic Impact Tee 8', 221000, 250, 55250000),
('IDET0257', 'InID0046', '#0000257', N'Áo thun SportyVenture Pro Tee 9', 499000, 250, 124750000),
('IDET0258', 'InID0046', '#0000258', N'Áo thun ActiveFlow Performance Top 10', 79000, 250, 19750000),
('IDET0259', 'InID0046', '#0000259', N'Áo thun VelocityX Sports Tee 11', 599000, 250, 149750000),
('IDET0260', 'InID0046', '#0000260', N'Áo thun FlexPro Elite Athletic Top 12', 79000, 250, 19750000),
('IDET0261', 'InID0046', '#0000261', N'Áo thun PowerVenture Sports Shirt 13', 79000, 250, 19750000),
('IDET0262', 'InID0046', '#0000262', N'Áo thun AgileMotion Sporty Tee 14', 299000, 250, 74750000),
('IDET0263', 'InID0046', '#0000263', N'Áo thun TurboFlex Performance Top 15', 79000, 250, 19750000),
('IDET0264', 'InID0046', '#0000264', N'Áo thun ProActive Sportswear 16', 99000, 250, 24750000),
('IDET0265', 'InID0046', '#0000265', N'Áo thun PerformancePlus Green Tee 17', 129000, 250, 32250000),
('IDET0266', 'InID0046', '#0000266', N'Áo thun SpeedyVenture Athletic Top 18', 399000, 250, 99750000),
('IDET0267', 'InID0046', '#0000267', N'Áo thun FlexForce Sports Tee 19', 119000, 250, 29750000),
('IDET0268', 'InID0046', '#0000268', N'Áo thun SuperSport Dynamic Tee 20', 79000, 250, 19750000),
('IDET0269', 'InID0046', '#0000269', N'Áo thun AeroMotion Athletic Top 21', 669000, 100, 66900000),
('IDET0270', 'InID0047', '#0000270', N'Áo thun SwiftFlex Sports Performance Tee 22', 399000, 250, 99750000),
('IDET0271', 'InID0047', '#0000271', N'Áo thun ActionSport X-Shirt 23', 119000, 250, 29750000),
('IDET0272', 'InID0047', '#0000272', N'Áo thun SportyFlex Pro Performance Top 24', 79000, 250, 19750000),
('IDET0273', 'InID0047', '#0000273', N'Áo thun HyperDrive Athletic Tee 25', 399000, 250, 99750000),
('IDET0274', 'InID0047', '#0000274', N'Áo thun SportyFlow Dynamic Top 26', 399000, 250, 99750000),
('IDET0275', 'InID0047', '#0000275', N'Áo thun EliteSport Performance Tee 27', 119000, 250, 29750000),
('IDET0276', 'InID0047', '#0000276', N'Áo thun ProVelocity Athletic Top 28', 79000, 250, 19750000),
('IDET0277', 'InID0047', '#0000277', N'Áo thun EnergyFlex Sports Shirt 29', 119000, 250, 29750000),
('IDET0278', 'InID0047', '#0000278', N'Áo thun SwiftMotion Sportswear 30', 269000, 250, 67250000),
('IDET0279', 'InID0048', '#0000279', N'Jogger Joker choker', 199000, 250, 49750000),
('IDET0280', 'InID0048', '#0000280', N'Jogger Classic Grey', 119000, 250, 29750000),
('IDET0281', 'InID0048', '#0000281', N'Jogger Urban Explorer', 79000, 250, 19750000),
('IDET0282', 'InID0048', '#0000282', N'Jogger Street Style', 599000, 250, 149750000),
('IDET0283', 'InID0048', '#0000283', N'Jogger Techwear Edition', 149000, 250, 37250000),
('IDET0284', 'InID0048', '#0000284', N'Jogger Sporty Flexer', 79000, 250, 19750000),
('IDET0285', 'InID0048', '#0000285', N'Jogger Supreme Comfort', 133000, 250, 33250000),
('IDET0286', 'InID0048', '#0000286', N'Jogger Modern Camo', 79000, 250, 19750000),
('IDET0287', 'InID0048', '#0000287', N'Jogger Midnight Black', 79000, 250, 19750000),
('IDET0288', 'InID0048', '#0000288', N'Jogger Cityscape', 129000, 250, 32250000),
('IDET0289', 'InID0048', '#0000289', N'Jogger Urban Camouflage', 221000, 250, 55250000),
('IDET0290', 'InID0048', '#0000290', N'Jogger Galaxy Explorer', 499000, 250, 124750000),
('IDET0291', 'InID0048', '#0000291', N'Jogger High Street Fashion', 79000, 250, 19750000),
('IDET0292', 'InID0048', '#0000292', N'Jogger Retro Vibes', 599000, 250, 149750000),
('IDET0293', 'InID0048', '#0000293', N'Jogger Vintage Denim', 79000, 250, 19750000),
('IDET0294', 'InID0048', '#0000294', N'Jogger New Age Comfort', 79000, 250, 19750000),
('IDET0295', 'InID0048', '#0000295', N'Jogger Cyber Tech', 299000, 250, 74750000),
('IDET0296', 'InID0048', '#0000296', N'Jogger Galaxy Explorer', 79000, 250, 19750000),
('IDET0297', 'InID0048', '#0000297', N'Jogger High Street Fashion', 99000, 250, 24750000),
('IDET0298', 'InID0048', '#0000298', N'Jogger Retro Vibes', 129000, 250, 32250000),
('IDET0299', 'InID0048', '#0000299', N'Jogger Vintage Denim', 399000, 250, 99750000),
('IDET0300', 'InID0048', '#0000300', N'Jogger New Age Comfort', 119000, 250, 29750000),
('IDET0301', 'InID0048', '#0000301', N'Jogger Cyber Tech', 79000, 250, 19750000),
('IDET0302', 'InID0048', '#0000302', N'Jogger Street Smart', 669000, 250, 167250000),
('IDET0303', 'InID0049', '#0000303', N'Jogger Safari Adventure', 399000, 250, 99750000),
('IDET0304', 'InID0049', '#0000304', N'Jogger Dark Knight', 119000, 250, 29750000),
('IDET0305', 'InID0049', '#0000305', N'Jogger Ocean Breeze', 79000, 250, 19750000),
('IDET0306', 'InID0049', '#0000306', N'Jogger Retro Gaming', 399000, 250, 99750000),
('IDET0307', 'InID0049', '#0000307', N'Jogger Nature Explorer', 399000, 250, 99750000),
('IDET0308', 'InID0049', '#0000308', N'Jogger Bohemian Chic', 119000, 250, 29750000),
('IDET0309', 'InID0049', '#0000309', N'Jogger Camo Commander', 79000, 250, 19750000),
('IDET0310', 'InID0049', '#0000310', N'Jogger Sunset Serenity', 119000, 250, 29750000),
('IDET0311', 'InID0049', '#0000311', N'Jogger Jungle Adventure', 269000, 250, 67250000),
('IDET0312', 'InID0050', '#0000312', N'Quần Jean: New Generation Z', 119000, 250, 29750000),
('IDET0313', 'InID0050', '#0000313', N'Quần Jean: Dynamic Denim 1', 79000, 250, 19750000),
('IDET0314', 'InID0050', '#0000314', N'Quần Jean: Modern Classic 2', 599000, 250, 149750000),
('IDET0315', 'InID0050', '#0000315', N'Quần Jean: Urban Explorer 3', 149000, 250, 37250000),
('IDET0316', 'InID0050', '#0000316', N'Quần Jean: Street Style 4', 79000, 250, 19750000),
('IDET0317', 'InID0050', '#0000317', N'Quần Jean: Casual Comfort 5', 133000, 250, 33250000),
('IDET0318', 'InID0050', '#0000318', N'Quần Jean: Everyday Flex 6', 79000, 250, 19750000),
('IDET0319', 'InID0050', '#0000319', N'Quần Jean: Classic Chic 7', 79000, 250, 19750000),
('IDET0320', 'InID0050', '#0000320', N'Quần Jean: Stylish Comfort 8', 129000, 250, 32250000),
('IDET0321', 'InID0050', '#0000321', N'Quần Jean: Vintage Vibe 9', 221000, 250, 55250000),
('IDET0322', 'InID0050', '#0000322', N'Quần Jean: Retro Denim 10', 499000, 250, 124750000),
('IDET0323', 'InID0050', '#0000323', N'Quần Jean: Urban Edge 11', 79000, 250, 19750000),
('IDET0324', 'InID0050', '#0000324', N'Quần Jean: Active Lifestyle 12', 599000, 250, 149750000),
('IDET0325', 'InID0050', '#0000325', N'Quần Jean: Street Fashion 13', 79000, 250, 19750000),
('IDET0326', 'InID0050', '#0000326', N'Quần Jean: Modern Elegance 14', 79000, 250, 19750000),
('IDET0327', 'InID0050', '#0000327', N'Quần Jean: Retro Revival 15', 299000, 250, 74750000),
('IDET0328', 'InID0050', '#0000328', N'Quần Jean: Dynamic Style 16', 79000, 250, 19750000),
('IDET0329', 'InID0050', '#0000329', N'Quần Jean: Trendy Denim 17', 99000, 250, 24750000),
('IDET0330', 'InID0051', '#0000330', N'Quần Jean: Chic Streetwear 18', 129000, 250, 32250000),
('IDET0331', 'InID0051', '#0000331', N'Quần Jean: Vintage Vibes 19', 399000, 250, 99750000),
('IDET0332', 'InID0051', '#0000332', N'Quần Jean: Classic Revival 20', 119000, 250, 29750000),
('IDET0333', 'InID0051', '#0000333', N'Quần Jean: Urban Trends 21', 79000, 250, 19750000),
('IDET0334', 'InID0051', '#0000334', N'Quần Jean: Denim Essence 22', 669000, 250, 167250000),
('IDET0335', 'InID0051', '#0000335', N'Quần Jean: Contemporary Look 23', 399000, 250, 99750000),
('IDET0336', 'InID0052', '#0000336', N'Quần Jean: Stylish Classic 24', 119000, 250, 29750000),
('IDET0337', 'InID0052', '#0000337', N'Quần Jean: Timeless Fashion 25', 79000, 250, 19750000),
('IDET0338', 'InID0052', '#0000338', N'Quần Jean: Street Smart 26', 399000, 250, 99750000),
('IDET0339', 'InID0052', '#0000339', N'Quần Jean: Modern Appeal 27', 399000, 250, 99750000),
('IDET0340', 'InID0052', '#0000340', N'Quần Jean: Retro Chic 28', 119000, 250, 29750000),
('IDET0341', 'InID0052', '#0000341', N'Quần Jean: Classic Comfort 29', 79000, 250, 19750000),
('IDET0342', 'InID0052', '#0000342', N'Quần Jean: Vintage Style 30', 119000, 250, 29750000);



--SELECT * FROM Account
--SELECT * FROM Category
--SELECT * FROM Delivery
--SELECT * FROM Discount
--SELECT * FROM Feedback
--SELECT * FROM Gallery
--SELECT * FROM Invoice
--SELECT * FROM InvoiceDetail
--SELECT * FROM POrders
--SELECT * FROM Product
--SELECT * FROM ProductSize
--SELECT * FROM Shipper
--SELECT * FROM Size
